"INDEX","P_TARGET_FLAG","P_TARGET_AMT"
3,0.153652043807029,0
9,0.243723079385781,0
10,0.147109682936425,0
18,0.243213364307116,0
21,0.207617067914951,0
30,0.209472013939569,0
31,0.407049159626709,0
37,0.390856053633484,0
39,0.0261234046022365,0
47,0.130892385458004,0
60,0.0276017272549716,0
62,0.49563091262823,0
63,0.86916565778852,4704.55903088166
64,0.110388824241969,0
68,0.0312831251580721,0
75,0.641578875877746,3362.58161267836
76,0.795881399417009,4307.89112706643
83,0.187450473466327,0
87,0.689175816734416,3730.32261851287
92,0.475405139245466,0
98,0.155261614762786,0
106,0.438687970969107,0
107,0.0519154712586325,0
113,0.417104193950723,0
120,0.358151163126493,0
123,0.400730973501964,0
125,0.396254932534551,0
126,0.447468356225212,0
128,0.0719473701185252,0
129,0.157999492388026,0
131,0.0964551060391446,0
135,0.480276014854062,0
141,0.0619010924105507,0
147,0.173199165131928,0
148,0.176898666690349,0
151,0.0439816334861592,0
156,0.163722175864239,0
157,0.208891696946647,0
174,0.08516262087176,0
186,0.551726396062566,2891.6554213091
193,0.326323611836205,0
195,0.489208724540035,0
212,0.0209114222042719,0
213,0.530413789868035,2870.98663283241
217,0.00505078529707051,0
223,0.19038820052359,0
226,0.0527745009017102,0
228,0.413517329062627,0
230,0.0124064013224341,0
241,0.586451798313246,3073.65486594675
243,0.149839919824389,0
249,0.302302870656654,0
281,0.777626909091717,4222.59965532802
288,0.0581646077253403,0
294,0.292263062359537,0
295,0.243891495617009,0
300,0.404219467593147,0
302,0.464339611618196,0
303,0.0922714628081013,0
308,0.541840977202938,2839.84491298223
319,0.0152790160942193,0
320,0.0395135617400323,0
324,0.392133293175749,0
331,0.103644995697612,0
343,0.0575381565122868,0
347,0.496484267380041,0
348,0.806505201916546,4226.97763978562
350,0.535998049055216,3002.48419145113
357,0.2000796629885,0
358,0.0566572073802542,0
360,0.021689444756395,0
366,0.269217804787633,0
367,0.631043404807249,3307.36411310889
368,0.287097651092966,0
376,0.688670196123568,3739.55491867255
380,0.285525456386639,0
388,0.406398651119407,0
396,0.309652922041851,0
398,0.161907010231397,0
403,0.0455903506708253,0
410,0.580449673475493,3042.1971054511
412,0.440776249790249,0
420,0.392888986438464,0
434,0.0374479497181819,0
440,0.428816369658132,0
450,0.576949740522759,3985.88786073773
453,0.271998300427675,0
464,0.285468770631505,0
465,0.0453146627570316,0
466,0.685432243113349,3710.05966526692
473,0.092617656881969,0
476,0.0675531971024946,0
478,0.073144393131871,0
479,0.125298042564357,0
493,0.0530230943826823,0
497,0.136089330264699,0
503,0.00854685873254397,0
504,0.376260705042446,0
505,0.259068155095558,0
507,0.12736775231386,0
513,0.470477003769302,0
519,0.454658179512919,0
521,0.632505071768588,3434.57211526133
522,0.617392964427208,4265.29201657248
545,0.0982268193802934,0
549,0.106929604290895,0
551,0.199828807585171,0
556,0.0974932891730369,0
557,0.475632054413588,0
559,0.206058679135212,0
560,0.596585344294384,3126.76583432267
566,0.0380434479893163,0
569,0.198251883670215,0
573,0.17371251343631,0
578,0.673313993590804,3528.90866506474
579,0.0390063533749076,0
582,0.0161390077481007,0
596,0.742504587945934,4018.9768583126
598,0.693371588333269,3884.03882521882
599,0.173866743612931,0
602,0.303092081813405,0
605,0.815693235646433,4429.30399581605
617,0.661061587900487,3464.6925325916
619,0.330756847204755,0
630,0.195533069345429,0
634,0.416677957646858,0
643,0.424770836649454,0
645,0.254605912403618,0
647,0.215383643140252,0
649,0.0655794306235859,0
656,0.10932986744584,0
657,0.142623227592661,0
658,0.156001184494572,0
667,0.068151849086858,0
692,0.113554080985178,0
693,0.213678193330881,0
698,0.80168251978616,4353.22426751603
699,0.629578262660895,4699.61285728478
700,0.0449330964335713,0
704,0.0905042649548788,0
707,0.0587536020606229,0
708,0.760230618229009,4114.9230742067
709,0.136611214622055,0
713,0.184443687483406,0
714,0.0440593949664113,0
716,0.599291480857012,3243.80297717917
718,0.178800561912578,0
722,0.139419132351963,0
729,0.362577444471821,0
731,0.0333720423880674,0
733,0.519770442822499,2724.17094695877
746,0.310798289857351,0
747,0.678642158927443,3673.30677289134
748,0.497816031252485,0
753,0.350367505854217,0
757,0.5551059846052,3109.52054078341
763,0.022290754561893,0
767,0.162900046605641,0
774,0.533720206793861,2989.72447079097
776,0.488287802290351,0
788,0.229996471601537,0
794,0.17566236347007,0
799,0.250965541885916,0
803,0.120588287972136,0
806,0.599001993337062,4138.23701807474
807,0.243381658612854,0
811,0.0383034990356058,0
816,0.133271087576981,0
818,0.271307260006026,0
819,0.16085394497675,0
831,0.107228265113296,0
835,0.581592682717958,4341.41489868474
837,0.159886081524864,0
841,0.817897449363457,6105.3590902634
846,0.272647050117696,0
856,0.448827552348211,0
861,0.517968249443413,3866.47759162025
862,0.584345689547965,3173.0613722713
863,0.843786783955621,4567.19003912011
865,0.631755840779797,3311.09806413436
871,0.543228617668824,3042.98745073692
879,0.265840385572263,0
880,0.125270366833972,0
881,0.262880929224724,0
885,0.296622512801712,0
887,0.346842628759768,0
892,0.0472725169506556,0
898,0.0630333013298597,0
900,0.165718680166504,0
904,0.261823522612224,0
906,0.58308715683801,3056.02043005232
910,0.750541438834912,4062.47816222489
912,0.348615534549056,0
913,0.343076658363074,0
919,0.0872582497118074,0
924,0.613874063436745,3322.73455938597
925,0.428799753658083,0
930,0.240142607826445,0
940,0.229846303024411,0
941,0.153181287512624,0
946,0.214536680592801,0
949,0.459548039798244,0
951,0.0682873271837038,0
962,0.0420316489923709,0
966,0.0669009973406712,0
967,0.0110512805597142,0
971,0.847930546604184,4604.35614042084
981,0.0196251153252255,0
982,0.0556265249005888,0
983,0.0514008888205972,0
984,0.0276067214259603,0
989,0.216555554356105,0
990,0.595064172880661,3118.79321674153
992,0.450762321047179,0
995,0.0902577445591393,0
996,0.316684435508264,0
998,0.364175680749135,0
1001,0.0794894787070456,0
1007,0.13593258931104,0
1008,0.0624894688397376,0
1016,0.0398334930095735,0
1022,0.0447480867710947,0
1027,0.395786949716282,0
1032,0.329613954877591,0
1033,0.113163566163133,0
1041,0.301590962425982,0
1065,0.544104251612336,3047.89246312928
1074,0.384304195320227,0
1075,0.366316168561992,0
1081,0.162092978030781,0
1094,0.0496947972968028,0
1099,0.084164190851841,0
1105,0.51370693498136,2877.61672647703
1123,0.116860891739583,0
1135,0.00737162336384032,0
1142,0.204527030423639,0
1155,0.079707881655875,0
1169,0.0153836257644195,0
1176,0.0204113301216991,0
1178,0.663854031388302,3593.2626313164
1180,0.0343340305213527,0
1184,0.115776584650452,0
1185,0.645026401722034,3613.22504373427
1193,0.258321245011096,0
1196,0.129477456294175,0
1199,0.436567229834045,0
1203,0.306641791083788,0
1205,0.432411104679021,0
1207,0.0490846249203514,0
1208,0.633908547031891,3550.94649065213
1212,0.384812361264323,0
1213,0.625309637063872,3395.5001133169
1222,0.0720176565999125,0
1223,0.331820479196135,0
1226,0.507140851059919,2657.97794305354
1227,0.274520837943758,0
1229,0.124295507658659,0
1230,0.326044423133015,0
1231,0.62110570549343,3361.87748529545
1241,0.0777370263737673,0
1243,0.0680569194267627,0
1244,0.125600661298929,0
1246,0.201391847962284,0
1248,0.148772316996665,0
1249,0.126380114381717,0
1252,0.0975629586203704,0
1261,0.124866609329331,0
1275,0.110473442181606,0
1281,0.874413760560624,6040.93380876238
1285,0.47134069389138,0
1288,0.588508415106334,3084.43380844747
1290,0.0547692978161276,0
1291,0.315676187124645,0
1304,0.774036828830319,5347.47445592619
1305,0.129195654393393,0
1323,0.199173115682163,0
1342,0.69746375983226,3655.48010151189
1348,0.169459934835755,0
1353,0.289892315530314,0
1363,0.217727004224728,0
1371,0.249041019020834,0
1372,0.306069361583378,0
1378,0.25024902778625,0
1381,0.360729526424576,0
1382,0.469069560396085,0
1393,0.513958370480756,2790.85048713126
1394,0.023630443973107,0
1398,0.413780918817675,0
1404,0.547323073027083,2972.0244920751
1405,0.676051332309051,3543.2553419703
1419,0.310185867395107,0
1421,0.160185665483074,0
1426,0.0966292192633627,0
1431,0.491306828221432,0
1435,0.033809190663114,0
1437,0.390230550716971,0
1438,0.216389638096419,0
1442,0.53909026500472,2917.950050099
1464,0.0669192952781544,0
1471,0.294573683022476,0
1473,0.266180838753241,0
1476,0.0698899325999897,0
1478,0.318920936471523,0
1479,0.550158693489489,2977.86046501136
1487,0.467335495438822,0
1492,0.427890192226663,0
1496,0.118629162032325,0
1497,0.574398945234491,3109.06640283909
1515,0.014364663543196,0
1519,0.261712072614965,0
1522,0.674296386719477,3661.5035524893
1526,0.365857852199142,0
1537,0.0488294613877781,0
1538,0.920194813788383,4996.75906030043
1540,0.208113857079635,0
1543,0.133285634825815,0
1548,0.235514669775609,0
1549,0.0937427990291319,0
1556,0.713659451246948,3875.24932281057
1564,0.0149298675611631,0
1570,0.238100661719138,0
1577,0.605115204939383,3285.84212549339
1585,0.149087063207823,0
1590,0.227450664668072,0
1592,0.746436216468749,4040.25770196689
1594,0.421550209019708,0
1596,0.435301563467725,0
1598,0.25377279167948,0
1603,0.404994117819359,0
1607,0.27859243355186,0
1612,0.0720114793262139,0
1627,0.0364463782471704,0
1629,0.722433428083683,3786.3487296631
1630,0.161165600632806,0
1640,0.211190575503268,0
1641,0.263565075854629,0
1646,0.213183735015138,0
1662,0.512057980125807,2780.53115846095
1668,0.113645385967359,0
1671,0.0402919094280425,0
1672,0.5153492526412,2798.40313025951
1673,0.457523344861577,0
1686,0.404259548516596,0
1688,0.712952526217524,3859.01952723338
1696,0.0212528810799281,0
1701,0.0423870259599736,0
1707,0.110412476605736,0
1708,0.0723733388702249,0
1713,0.0674312162008581,0
1715,0.177091089140892,0
1717,0.0337903680223735,0
1721,0.278923544244998,0
1724,0.858553378096732,4662.03928393685
1725,0.74673353234314,3913.70810329776
1730,0.108714151743846,0
1731,0.586124673489537,3172.53460393702
1734,0.393553843688198,0
1740,0.16220252531911,0
1748,0.0210710074996839,0
1749,0.0928302405673025,0
1750,0.692073492081014,3627.22914763977
1763,0.239003614790691,0
1768,0.0803653039074455,0
1773,0.603638923818521,3277.82575661619
1777,0.117193852530875,0
1778,0.382623498628617,0
1780,0.151394949846166,0
1782,0.350111792024447,0
1784,0.0595170607809481,0
1786,0.176255093101058,0
1787,0.147358797048078,0
1792,0.224501034107978,0
1800,0.443645808175598,0
1801,0.220648173557283,0
1803,0.16512930024082,0
1804,0.603937474839868,3279.44692150272
1807,0.0209690158536311,0
1818,0.239945378149792,0
1821,0.0320451220765494,0
1822,0.0860635229963637,0
1828,0.0811726886964739,0
1833,0.256134772820041,0
1844,0.344613781473619,0
1847,0.411371373661741,0
1850,0.052964527861973,0
1854,0.483295683563306,0
1858,0.371034347832842,0
1864,0.179152601513427,0
1867,0.0771004219629385,0
1876,0.675295147397864,3782.7805683242
1880,0.264066413318963,0
1881,0.0653258484285034,0
1891,0.205607438327423,0
1894,0.253018711828499,0
1895,0.0503139444029591,0
1901,0.441476263220228,0
1905,0.0534948808750081,0
1912,0.346460304418217,0
1918,0.307355280323045,0
1921,0.357616653745107,0
1923,0.339190609642921,0
1924,0.228888669032914,0
1931,0.0865025586924529,0
1941,0.0726848831461262,0
1950,0.0850859571653331,0
1951,0.23246090913538,0
1954,0.0116753445496879,0
1961,0.386310613296423,0
1966,0.0110063591888818,0
1979,0.14864018826509,0
1982,0.081671008209435,0
1987,0.77838970943575,4079.62141968255
1997,0.316187659391622,0
2004,0.0242066544423689,0
2011,0.534948337570265,2904.82831732367
2015,0.360849122555822,0
2025,0.0126210046794637,0
2033,0.383233862800402,0
2034,0.0076323980527231,0
2035,0.109111176330668,0
2036,0.634011261178071,3431.73177371638
2053,0.624468185855082,4314.17155879369
2059,0.764157676594665,4005.02985543101
2060,0.0273192549687189,0
2073,0.262339112547121,0
2084,0.360637187366443,0
2089,0.0944454630239176,0
2092,0.264795078239513,0
2109,0.520877695611068,2828.42318371462
2129,0.429525660636787,0
2134,0.334640397901297,0
2135,0.0320727562808337,0
2148,0.0179584894849196,0
2149,0.022877052259701,0
2150,0.346243814185273,0
2165,0.703056279811354,4857.10157105957
2166,0.048923711810456,0
2168,0.0536611146194172,0
2170,0.192472260827834,0
2171,0.171243351733924,0
2172,0.0197362104531622,0
2176,0.155959024872389,0
2182,0.0841372747669082,0
2189,0.139778056247155,0
2191,0.0573401867060073,0
2197,0.0270221386089591,0
2202,0.152342657962507,0
2203,0.150079674836693,0
2204,0.65060794039312,3409.90387882614
2206,0.749113968970746,3926.18421922845
2218,0.0820790872627679,0
2219,0.155062302728173,0
2221,0.414023273434633,0
2226,0.0959576093359539,0
2228,0.321267334653123,0
2232,0.599725743267084,3359.46570428692
2236,0.265488273757053,0
2241,0.799661155039542,4342.24803459177
2245,0.0334799874344892,0
2251,0.406574949852966,0
2255,0.0417508704633998,0
2256,0.0145264055653137,0
2259,0.0155109766053748,0
2263,0.33914775595135,0
2264,0.0386890044714049,0
2267,0.105660409857198,0
2273,0.820351075859571,4454.59658053581
2277,0.645230805674697,3381.72175654488
2287,0.201275704370592,0
2289,0.282870719293251,0
2291,0.0657967822561994,0
2296,0.832050932390149,4518.12808848107
2299,0.0736311701824909,0
2306,0.0644734613606136,0
2314,0.185119898297972,0
2317,0.0203248381404967,0
2318,0.718174569738011,5360.95771072333
2321,0.880101979759616,4612.70600652604
2324,0.0435177821468952,0
2340,0.376654727364415,0
2343,0.0440493067982503,0
2349,0.231227190782786,0
2352,0.1520944152397,0
2353,0.395458115498288,0
2365,0.849077671114618,4595.82818277223
2370,0.618505001891622,3347.80057888884
2378,0.123791203382655,0
2390,0.470695390457071,0
2399,0.214616075623169,0
2402,0.719120615165753,4028.27637635554
2403,0.528788874846563,2771.43748711382
2404,0.0849600918951023,0
2414,0.106820004230187,0
2422,0.270675886042704,0
2424,0.107125595558916,0
2430,0.560271630944732,2936.44188603096
2435,0.25758951880372,0
2439,0.0720697167193106,0
2442,0.421291436025156,0
2445,0.265277029958902,0
2449,0.254627081340141,0
2451,0.299747661070893,0
2461,0.806125773814143,4224.9890176404
2464,0.135024868287959,0
2465,0.598572606088412,3250.31509404675
2472,0.0614329322823531,0
2476,0.362325086361854,0
2482,0.221818548100562,0
2487,0.145123557185325,0
2498,0.243076887901632,0
2501,0.0638386881157942,0
2504,0.215489020700582,0
2511,0.2424120225696,0
2518,0.0220478692153689,0
2521,0.177536940386761,0
2530,0.083241847073866,0
2543,0.567346578246769,4235.07200263866
2545,0.601547061001289,3256.01182349351
2561,0.386644714566946,0
2566,0.560166808813144,3869.94208752647
2572,0.18905179544966,0
2577,0.157145642641843,0
2578,0.221140755968532,0
2580,0.242345598187385,0
2581,0.134587941976638,0
2582,0.0445394347667192,0
2584,0.0473362437447294,0
2590,0.0219137127823434,0
2598,0.00785531110256794,0
2602,0.103837126216237,0
2605,0.00832596945070815,0
2616,0.222749931757508,0
2618,0.189711836733704,0
2619,0.289436172305883,0
2624,0.046470390658666,0
2632,0.183102071226165,0
2640,0.224762682702793,0
2646,0.0169802383935103,0
2651,0.142277632640452,0
2660,0.0246223776509483,0
2661,0.0427671744248793,0
2668,0.0888160341528798,0
2670,0.412793339030421,0
2680,0.376997235335534,0
2681,0.015818079452236,0
2689,0.240228846607176,0
2694,0.0586124000636242,0
2695,0.829028015422709,4345.02204774402
2696,0.510809619048736,3528.95532610801
2702,0.104951960784515,0
2704,0.137362709784187,0
2708,0.098212363382279,0
2709,0.0532207548365195,0
2714,0.497057465449548,0
2716,0.0584602402969187,0
2723,0.101702414001722,0
2725,0.432272500896008,0
2738,0.0878826969126406,0
2750,0.372654139227118,0
2756,0.312757193282736,0
2758,0.0562310378190127,0
2766,0.417961038965974,0
2767,0.361959816255122,0
2771,0.244402380333295,0
2775,0.334923136511552,0
2776,0.121899398417558,0
2779,0.94010227138923,5088.51976741662
2780,0.361203823039101,0
2781,0.386757418862858,0
2782,0.641380830589365,3361.54363672524
2783,0.153659000683188,0
2796,0.208802334124523,0
2798,0.264527694708901,0
2800,0.0783284544911486,0
2803,0.0797013272609356,0
2806,0.00360349410611795,0
2813,0.138361508502597,0
2818,0.0920472045112763,0
2821,0.389059624758345,0
2825,0.205065764658582,0
2829,0.0338124196701748,0
2830,0.577945747016574,3237.46135269033
2833,0.0881026036338172,0
2839,0.772451525440363,4327.01853651352
2843,0.0474976361375571,0
2846,0.0640526441923864,0
2847,0.110287265837672,0
2848,0.120742001398781,0
2856,0.795525211864366,4456.26971354426
2863,0.434620543528033,0
2867,0.432090790302391,0
2869,0.134855789797107,0
2873,0.00767636230339268,0
2874,0.458391831153442,0
2875,0.489640698326654,0
2880,0.541795758182294,2942.01056446326
2886,0.492403247260996,0
2887,0.407592329564617,0
2888,0.248370341174148,0
2889,0.663003246242351,3474.86896589377
2890,0.539564686852844,2827.91463852319
2892,0.226715051045538,0
2901,0.227616346217495,0
2902,0.1532271911344,0
2905,0.327552390919744,0
2917,0.34407224982823,0
2922,0.487873461294506,0
2924,0.0822455390924079,0
2930,0.154463055718987,0
2931,0.105548931201138,0
2946,0.113925037733285,0
2955,0.318838250554206,0
2962,0.013952665662626,0
2964,0.0232562045553397,0
2965,0.460873690822206,0
2967,0.0251317631451132,0
2970,0.060996191338042,0
2973,0.397760865238954,0
2974,0.203140298231735,0
2976,0.668762402950028,3631.45341188298
2977,0.196080067656507,0
2978,0.186532591150107,0
2986,0.102994684506757,0
2988,0.260083586379063,0
2989,0.14667400211715,0
2995,0.683652845101613,5103.26339283001
3005,0.5708088640587,3099.55492081379
3011,0.104742998926749,0
3013,0.0337543288860122,0
3019,0.655323217171291,3558.477154794
3021,0.0297215939715853,0
3022,0.315163779000953,0
3029,0.100560315153111,0
3037,0.123472241531206,0
3042,0.25113139154147,0
3043,0.155222933548809,0
3049,0.118928251958355,0
3050,0.656761385608776,3566.28656760807
3053,0.261628644172009,0
3058,0.207230661642015,0
3062,0.222771993358451,0
3063,0.460385528491887,0
3065,0.0379377553986791,0
3080,0.0666439945560904,0
3088,0.194497170326939,0
3093,0.510988485886817,2678.14379733534
3096,0.33570649297306,0
3101,0.334048104752463,0
3103,0.32336289957747,0
3107,0.337243620427559,0
3109,0.040567792015919,0
3111,0.098843238153513,0
3113,0.84377640891565,4581.79871581696
3116,0.00491360977384515,0
3132,0.133925939645947,0
3141,0.211512952696257,0
3153,0.332724934421963,0
3154,0.0264442949367756,0
3160,0.178970533908545,0
3167,0.0847925800365992,0
3170,0.41105728736059,0
3173,0.484642389545618,0
3174,0.272740338170567,0
3177,0.200902184170543,0
3179,0.223857618125547,0
3184,0.423796573940593,0
3190,0.334579438975063,0
3193,0.0761583111261042,0
3199,0.344825270957493,0
3201,0.0714979598889139,0
3202,0.232115527606507,0
3203,0.554168082832941,2904.45255560806
3206,0.475957664305472,0
3209,0.0581405259551534,0
3210,0.478513840929166,0
3217,0.182774233822382,0
3220,0.143178202711473,0
3228,0.368914384455692,0
3232,0.0274591318639017,0
3239,0.124880127631735,0
3243,0.445704349993325,0
3245,0.138197596918597,0
3246,0.43199057398029,0
3251,0.0445556467154392,0
3253,0.259311262002893,0
3257,0.0801434134237238,0
3260,0.0140761047747976,0
3261,0.307677878907926,0
3263,0.316214572505051,0
3278,0.195173504745512,0
3281,0.142816119003535,0
3283,0.0986040274148465,0
3290,0.0206326796499822,0
3297,0.299645169142877,0
3304,0.0699850655325815,0
3305,0.398762346505996,0
3307,0.0656682096229173,0
3308,0.291515264365748,0
3313,0.322814072475607,0
3314,0.198739823996233,0
3317,0.142111587251013,0
3348,0.0576444807246628,0
3350,0.292842415570746,0
3359,0.0417734942014962,0
3367,0.0790140858065757,0
3376,0.101670249570054,0
3378,0.324427599401686,0
3384,0.816692427651012,4280.36994933143
3386,0.0954504236651722,0
3387,0.0982937584598454,0
3388,0.102845933985185,0
3390,0.0386895352222134,0
3391,0.355844783602663,0
3396,0.207550771456258,0
3398,0.03479139216609,0
3404,0.0292162702749634,0
3406,0.0235357464606512,0
3407,0.0548843095419704,0
3414,0.0493584022502725,0
3419,0.166406661015007,0
3423,0.584923676510007,3065.64582065131
3427,0.0516981275571807,0
3432,0.0466187985767474,0
3434,0.0440104512898371,0
3438,0.0308687697878836,0
3442,0.149117498603933,0
3443,0.0541568647623498,0
3448,0.0502674851275923,0
3456,0.0955185469561854,0
3464,0.118828105815594,0
3470,0.674740987401053,3652.1907847353
3475,0.544329975479225,2852.89001180407
3477,0.359438823887174,0
3490,0.0751927878290708,0
3493,0.376077909800442,0
3502,0.351362448491736,0
3508,0.0384057171495074,0
3516,0.098736537863157,0
3517,0.302828493740464,0
3525,0.198347588102577,0
3532,0.704623952622676,3813.93920707934
3535,0.358140564999197,0
3536,0.728769092457428,3819.554605555
3540,0.128040743237743,0
3547,0.380574441103785,0
3550,0.462632406518301,0
3557,0.629529681637103,3418.41541955445
3562,0.14776852208129,0
3563,0.0902241200622916,0
3564,0.291596385761083,0
3570,0.116969396118334,0
3573,0.352140026464279,0
3577,0.502696282403076,2634.68349648789
3579,0.593922408178232,3112.80910919256
3581,0.0474116608424252,0
3587,0.221956005323853,0
3602,0.368876476100402,0
3609,0.344889773374425,0
3612,0.160216601668879,0
3621,0.37991597073711,0
3642,0.184601492824447,0
3647,0.762888468622719,3998.37780445241
3649,0.40498199311252,0
3654,0.478386113434878,0
3660,0.531851612818457,2888.01276128163
3665,0.721976900469298,3920.41398700734
3669,0.351285389473731,0
3673,0.183563745707148,0
3675,0.287083849761055,0
3678,0.0731102231912833,0
3680,0.444366733838382,0
3686,0.583253051742831,3167.12822879926
3693,0.263332905407993,0
3710,0.629341056795937,3417.39116591818
3713,0.0383458798353359,0
3718,0.357623926880665,0
3725,0.0868278759593695,0
3726,0.353561111938888,0
3747,0.12689975453844,0
3753,0.0208236273741857,0
3754,0.292546218511841,0
3760,0.779175501663527,5382.97524954406
3763,0.0372240787880397,0
3765,0.249713278851012,0
3769,0.240881923618311,0
3771,0.464852301071839,0
3784,0.0695938511452805,0
3787,0.129422576544799,0
3794,0.292264768099508,0
3796,0.0739345195618069,0
3798,0.0732248612180073,0
3809,0.164901733791773,0
3812,0.279061348015442,0
3819,0.284215404888333,0
3828,0.222176187352724,0
3831,0.282293318894735,0
3833,0.122652397713651,0
3837,0.742044941258673,3889.1347098106
3839,0.629059822839932,3415.86403460134
3843,0.452005961652292,0
3846,0.0878346652669682,0
3854,0.0462150398086097,0
3861,0.0561092641764388,0
3864,0.420811369448144,0
3868,0.0464863958376332,0
3869,0.115993890863037,0
3870,0.186454561939674,0
3883,0.186056384421115,0
3886,0.0586266421901612,0
3889,0.343006432002594,0
3894,0.378072258391974,0
3907,0.0429999573510273,0
3910,0.0774481500866488,0
3913,0.0315988767965855,0
3914,0.307384013104058,0
3921,0.299739937514095,0
3923,0.0208813886762518,0
3929,0.553490956476454,3005.51677767236
3931,0.539077179431014,2927.24838280014
3932,0.291910700786115,0
3937,0.615814584113098,3227.5482800535
3943,0.283245601080336,0
3956,0.35955412959334,0
3957,0.471681769732452,0
3961,0.628923838611281,3415.1256252815
3971,0.187842386572097,0
4004,0.228258658370944,0
4005,0.0455479932547699,0
4006,0.00943172550915536,0
4011,0.147958331857543,0
4013,0.109130335797792,0
4014,0.0746762926350574,0
4016,0.46776354422948,0
4017,0.0216840531933226,0
4020,0.0586397351788062,0
4022,0.10581742937687,0
4026,0.201515452522321,0
4032,0.190270276634642,0
4043,0.0590470214970573,0
4045,0.281933015682115,0
4048,0.0966292056540187,0
4051,0.0843660940523066,0
4052,0.242505695243188,0
4056,0.0419492952385031,0
4059,0.0388415801544365,0
4069,0.0419059272268349,0
4074,0.459845445260756,0
4076,0.240908489361282,0
4077,0.681362382665295,4707.22813284947
4079,0.760304612062138,4128.53767700474
4081,0.625486638317274,3278.24052203122
4088,0.160383819783441,0
4105,0.105495238801143,0
4125,0.201166287796289,0
4134,0.538066665741613,2921.76118231019
4139,0.00449612443530133,0
4146,0.0503067216707829,0
4149,0.1326910762827,0
4151,0.744127983956066,3900.05215322407
4155,0.131771732244917,0
4157,0.145357352265526,0
4168,0.601919949337785,3154.72505415406
4170,0.242690670629151,0
4174,0.093970198677088,0
4179,0.325292854196503,0
4185,0.136619106828792,0
4199,0.668884513829384,3505.69330096924
4205,0.101048072942285,0
4208,0.0258638124050673,0
4211,0.637968647180136,3453.15203565134
4212,0.0527084913081375,0
4215,0.649582265114243,4487.6735064018
4217,0.124642056414594,0
4219,0.863154423422831,4672.02184229346
4226,0.491576839067783,0
4227,0.35104269197803,0
4229,0.0393239548892174,0
4231,0.107652842124484,0
4233,0.0100254029531251,0
4237,0.424008820513718,0
4243,0.395973914748648,0
4248,0.116628010412556,0
4255,0.0797103977063671,0
4262,0.0388517993199301,0
4266,0.616041315990176,3228.73660540138
4268,0.332224747725334,0
4270,0.722675054454397,3787.61511860116
4273,0.0317092074352612,0
4276,0.0662690035579135,0
4277,0.17270908100033,0
4279,0.234941739804556,0
4299,0.127305391823978,0
4313,0.0345494236403595,0
4322,0.0344537054392124,0
4324,0.0707012880890717,0
4328,0.253700971243532,0
4331,0.336273383580193,0
4335,0.0393927131384392,0
4337,0.399629479919755,0
4338,0.343870063717833,0
4343,0.0799992099950201,0
4347,0.112375497112175,0
4355,0.716876392298424,3757.22372718084
4357,0.00379306374923566,0
4359,0.037643123584297,0
4362,0.210000374026795,0
4368,0.531488061586411,2785.58420553279
4374,0.0861961178951206,0
4375,0.487353840861,0
4378,0.44780526348445,0
4381,0.723124282948622,3789.96957185916
4387,0.113621406566865,0
4400,0.0250580268314687,0
4423,0.205594940550351,0
4424,0.0435073143383754,0
4428,0.482019897780441,0
4433,0.671948055218821,5015.89064779193
4436,0.534609029371665,2893.69433155089
4437,0.220930586968618,0
4439,0.383229510919864,0
4449,0.19500058831992,0
4456,0.096781554297356,0
4463,0.128858576275016,0
4467,0.0858841281299772,0
4468,0.053789504677566,0
4469,0.0318384942470863,0
4472,0.14786408393489,0
4473,0.0280273409550487,0
4476,0.768419299994617,4027.36546687899
4500,0.0213905824728528,0
4509,0.230831295100037,0
4513,0.893382419703623,4835.63782460239
4521,0.0283995679556749,0
4527,0.484901135664478,0
4530,0.311597725030583,0
4532,0.46479422894514,0
4533,0.116780263494717,0
4535,0.31135979023613,0
4536,0.443974713799671,0
4542,0.358940233139624,0
4551,0.721583722494831,3905.73786225945
4554,0.0872760671583175,0
4555,0.512473731012048,2773.88193806084
4564,0.258059976573955,0
4572,0.602896197061018,3263.31433271808
4573,0.120896980160436,0
4577,0.315889817289594,0
4579,0.225243448379591,0
4583,0.10366286722775,0
4584,0.39115417698963,0
4596,0.0595917654749996,0
4599,0.200241300724083,0
4607,0.333842231558085,0
4609,0.440076222883907,0
4610,0.0555787569347798,0
4616,0.443100176531251,0
4617,0.379571339074325,0
4633,0.234487737849138,0
4638,0.311923661412388,0
4641,0.0376979781334164,0
4653,0.561204588516565,3037.64891240126
4655,0.303558031680663,0
4659,0.391179174726532,0
4669,0.0900431657746226,0
4678,0.0592878309080939,0
4685,0.673723771641927,4654.45638374815
4686,0.220451415635181,0
4691,0.279504132316046,0
4695,0.164520129123699,0
4698,0.190596621083783,0
4700,0.587027307978579,3177.4203207149
4711,0.110452585726319,0
4722,0.0391204236180592,0
4727,0.471337119465262,0
4756,0.0119707030887586,0
4762,0.313967967550244,0
4763,0.363978026269982,0
4766,0.0910418415770428,0
4770,0.0919819983267553,0
4784,0.373127811633636,0
4791,0.109702413195874,0
4795,0.0635761885576817,0
4799,0.567574055572228,2974.71465295583
4802,0.576818942657985,3023.16806764054
4805,0.577657248304622,3235.84527811055
4814,0.619601034106748,3364.50177131339
4816,0.375169674411231,0
4817,0.0674397032094771,0
4822,0.325517203573346,0
4827,0.552770964628935,3818.84750600013
4833,0.157194737337209,0
4836,0.0109084850323212,0
4842,0.375728468877196,0
4844,0.0818247545890489,0
4845,0.417346688642205,0
4849,0.252453472951993,0
4850,0.268816454029786,0
4860,0.0470764282972161,0
4863,0.357500540848399,0
4871,0.100542974097559,0
4878,0.30017103447343,0
4881,0.676705274051145,3662.82293801486
4888,0.557586480413236,2922.36873283973
4900,0.279243371615005,0
4906,0.431176504685349,0
4909,0.0190069616739726,0
4916,0.150681785621292,0
4918,0.319496836446119,0
4926,0.358048635726306,0
4928,0.0977807951759896,0
4941,0.424536166525746,0
4946,0.0905627009846296,0
4949,0.101991350348215,0
4956,0.0341235387488713,0
4966,0.0416815735836823,0
4969,0.484168621626045,0
4973,0.112524589830046,0
4978,0.447165329059816,0
4982,0.307716490372719,0
4985,0.0335261015161906,0
4991,0.169054902382434,0
4998,0.0307456872511841,0
5000,0.582356463099443,4347.11629009841
5004,0.445431531338834,0
5005,0.612291276609556,3209.08225900345
5011,0.728504330392293,3943.19724424427
5016,0.555998083219882,3009.46750498675
5018,0.0565930405582059,0
5034,0.214851805044585,0
5038,0.0306396307477753,0
5042,0.080651023516369,0
5046,0.0697549018106655,0
5051,0.194770059732304,0
5054,0.112702339970925,0
5057,0.213390810733931,0
5062,0.044373143378519,0
5063,0.0411331993892405,0
5065,0.0956870807467089,0
5066,0.102371867141856,0
5076,0.195969160232207,0
5089,0.190541212031659,0
5092,0.563239245520233,2951.99546265308
5093,0.573028125986537,3003.30000322055
5094,0.0288513174272717,0
5098,0.837365091709548,4532.43115284902
5102,0.0436407616617305,0
5112,0.301960548446703,0
5117,0.437319767787587,0
5127,0.589138946492885,3199.08928474048
5130,0.309641765783726,0
5131,0.500471867773154,2623.02510807335
5132,0.540170800871375,3731.79860687234
5135,0.747852443492507,4189.22259713867
5136,0.0276003929208656,0
5147,0.470476213464574,0
5157,0.0837565049942544,0
5160,0.274590250912339,0
5165,0.0152252779060266,0
5166,0.549223192896335,2878.53587318175
5172,0.662041556917061,3708.53832813559
5173,0.1944367623561,0
5179,0.69854655004307,3913.02725297977
5184,0.4809896405406,0
5187,0.0565857562342911,0
5191,0.0741087698134748,0
5193,0.18166514132023,0
5194,0.122952711387832,0
5199,0.213900429379038,0
5212,0.0287630883064503,0
5213,0.554927424494216,3013.31695702029
5224,0.25873147614858,0
5226,0.136299425024811,0
5239,0.269101832114477,0
5252,0.795868584122387,4321.65395732882
5264,0.180892089058532,0
5266,0.0162774510557256,0
5271,0.0260968054848136,0
5273,0.0381309708120948,0
5276,0.697561092390494,3787.83346340054
5278,0.0504035082467428,0
5281,0.590273672255169,3093.68570475125
5283,0.586456303449872,3285.13468134604
5291,0.0622185628614789,0
5294,0.362219316593784,0
5296,0.502529501911448,2720.05651088115
5297,0.866164243881219,4703.36712234185
5313,0.0264333217606508,0
5314,0.18880965944071,0
5321,0.160513519830745,0
5325,0.0108817709074792,0
5326,0.120481525204059,0
5328,0.0171253657465579,0
5334,0.146516876214671,0
5338,0.479732319147416,0
5344,0.196521940859249,0
5348,0.141351120915318,0
5352,0.222948809615199,0
5353,0.077774479015241,0
5354,0.40709770986395,0
5361,0.868595535849225,4865.58555530053
5364,0.0195565982549269,0
5365,0.0997970911812286,0
5367,0.39237598699888,0
5379,0.440946647856499,0
5382,0.416343735843295,0
5386,0.288223442152933,0
5395,0.0661846689701535,0
5410,0.18863421220279,0
5411,0.118484113083192,0
5416,0.497063713277753,0
5424,0.612033053076211,3323.40680183966
5426,0.242127157376032,0
5428,0.226559736587575,0
5430,0.247122567314462,0
5433,0.250505263088588,0
5437,0.00405078893902368,0
5440,0.235753194674517,0
5442,0.861906491016679,4680.24705593458
5445,0.479358079448638,0
5449,0.151644713079442,0
5452,0.477733750202659,0
5460,0.556885197911171,3023.94788202943
5461,0.0345930227362212,0
5465,0.108576005020915,0
5467,0.095714188077375,0
5471,0.260685577220924,0
5474,0.583850303564153,4358.26736101533
5475,0.0369114216938562,0
5480,0.0434321217258953,0
5481,0.275180249097705,0
5484,0.0885502217457704,0
5494,0.0896682327185784,0
5495,0.717712218305399,4020.38700191481
5497,0.0619473925665574,0
5499,0.47815948449747,0
5507,0.0430302534647283,0
5510,0.105067174790096,0
5515,0.150653324011022,0
5516,0.069131823748921,0
5517,0.211778679404759,0
5524,0.0818931925733965,0
5530,0.160688111044161,0
5534,0.297245261786195,0
5543,0.393863897097681,0
5545,0.565093193176736,3068.51819920092
5558,0.0934583335993943,0
5562,0.171105994237622,0
5573,0.744557033959748,5143.81173063372
5581,0.120514870361338,0
5583,0.495438101071984,0
5587,0.433448392054267,0
5589,0.798223936042488,4183.57466408803
5591,0.150375220135179,0
5596,0.312482175476768,0
5606,0.808223848620403,4388.74440263214
5608,0.237721675263595,0
5611,0.0506617905795371,0
5612,0.21780860110129,0
5614,0.24612637166286,0
5620,0.0207481955327179,0
5623,0.123426784759092,0
5624,0.0968715242659922,0
5626,0.238312754845183,0
5633,0.139587873487799,0
5635,0.0370903410719568,0
5640,0.38987135995167,0
5643,0.0667026429845991,0
5644,0.431218961861886,0
5653,0.339324530051154,0
5663,0.0258862664221088,0
5664,0.636533413168822,3456.44645218215
5667,0.443894329965378,0
5671,0.503754061405815,2735.43996638033
5673,0.598743341822993,4136.45011038126
5676,0.0578968455026405,0
5678,0.0895165848008239,0
5698,0.278430338651472,0
5700,0.0224177881480644,0
5705,0.317560923011149,0
5706,0.806510745323163,4365.42490653305
5711,0.0477363884344171,0
5712,0.86653860787884,4690.33951902403
5716,0.224492157244417,0
5719,0.331279233216205,0
5725,0.836106643554703,4525.61951276785
5728,0.0724924576279392,0
5734,0.0586654478377895,0
5735,0.0550507279324759,0
5743,0.216490320462261,0
5754,0.211237581478164,0
5755,0.319701295230167,0
5756,0.104653985733156,0
5766,0.0259311549501319,0
5770,0.539140006094534,2918.21928518807
5774,0.241397827383037,0
5775,0.0242271740244482,0
5776,0.151492130694618,0
5778,0.0345237798079856,0
5786,0.525216379761596,2842.85445522698
5787,0.331065675299077,0
5791,0.280948518445501,0
5794,0.297031516790838,0
5803,0.261668519359597,0
5804,0.234792124141922,0
5808,0.117341830783466,0
5810,0.0211087042588359,0
5813,0.614047154742992,3323.67145589203
5828,0.177909871937325,0
5839,0.242184298051068,0
5842,0.404283547039447,0
5843,0.0339936561873722,0
5844,0.254065110358241,0
5847,0.632288545024236,4719.84430204242
5851,0.0178885749156571,0
5854,0.0512286553597895,0
5857,0.0159073189106926,0
5866,0.551582112876456,2985.56504982978
5874,0.439463387132544,0
5886,0.0701162140703333,0
5895,0.0764141299848175,0
5897,0.0347978804869241,0
5898,0.262871165787055,0
5900,0.754320938583852,3953.47448849558
5902,0.318853784178041,0
5908,0.645815091281513,3384.7840581759
5909,0.0174914282743607,0
5912,0.0317133649993908,0
5913,0.074613784948781,0
5917,0.295578745758139,0
5918,0.571221920173114,3199.79669357613
5921,0.107329346868752,0
5931,0.338168108492869,0
5942,0.386787621235986,0
5943,0.716609436348396,3891.26806640979
5950,0.0252150879453275,0
5954,0.00714899962482563,0
5983,0.0158021320139985,0
5995,0.689752768613175,3733.44550325559
6002,0.0859171298479191,0
6005,0.0343234648261398,0
6009,0.329928997331287,0
6011,0.0047504106238181,0
6012,0.0149715382805744,0
6019,0.201449328264539,0
6021,0.164642423064652,0
6029,0.715757043078523,3751.35710150702
6036,0.396549368183966,0
6037,0.00564779645600643,0
6038,0.036461641732993,0
6043,0.0536113588391993,0
6045,0.17033850054352,0
6047,0.712770591269972,3735.70479698741
6048,0.0279274513885338,0
6061,0.323807781702147,0
6063,0.213036924742125,0
6064,0.0883307462730655,0
6068,0.758562440246341,3975.70463982486
6069,0.042720616445039,0
6070,0.43862139025623,0
6071,0.227039600768287,0
6074,0.204425397518646,0
6079,0.310480967882227,0
6082,0.0229656845091954,0
6088,0.792131164835825,4437.2573821259
6094,0.0708353670032223,0
6095,0.321807435180423,0
6098,0.336160099131253,0
6102,0.0253839919777425,0
6105,0.464867348426129,0
6113,0.0911546986186122,0
6116,0.289156836230611,0
6120,0.239505411931333,0
6121,0.416165322885399,0
6126,0.307330209817065,0
6144,0.121450193518627,0
6145,0.0332637274220265,0
6153,0.297964750186414,0
6156,0.138094523689213,0
6159,0.228840194548502,0
6162,0.0674252033132086,0
6184,0.619159749580833,3245.0806401671
6188,0.292798648044675,0
6189,0.260763469284022,0
6191,0.510840358638815,2677.36744702333
6211,0.442608816422933,0
6216,0.18020716909274,0
6218,0.635442142563914,3330.4183551603
6222,0.230054880513384,0
6235,0.223111016594622,0
6245,0.177284162893557,0
6248,0.634664804306733,3435.26922621518
6253,0.315092629768785,0
6256,0.00629513036014286,0
6257,0.412079126703611,0
6259,0.343503059232294,0
6266,0.0820973060369764,0
6268,0.324701994450813,0
6275,0.190039207654067,0
6280,0.651757376314894,3539.11424670127
6283,0.455100409970255,0
6288,0.0592508805306509,0
6289,0.0798860088600122,0
6301,0.0572812609328987,0
6308,0.138849326314351,0
6314,0.0223000326522361,0
6315,0.0700242102244108,0
6316,0.584893680952578,3176.0370258774
6317,0.496889152453614,0
6318,0.0445981640968893,0
6323,0.701685695095461,3798.03521241405
6329,0.471436212920744,0
6336,0.181142412216677,0
6341,0.839537085921096,4558.778725631
6348,0.170404937980344,0
6349,0.0372229008491099,0
6365,0.0304824606438771,0
6372,0.253821413932649,0
6376,0.0265407128722114,0
6378,0.0619894089979274,0
6379,0.82397601956029,4318.54401202151
6382,0.147311114303704,0
6383,0.491799049438062,0
6389,0.772937900294761,4183.70416106246
6390,0.0260207256458925,0
6392,0.0420785740194402,0
6394,0.521097708343502,3600.03113626963
6402,0.0975023905001092,0
6404,0.422467015702449,0
6405,0.0220588454747555,0
6406,0.155961333430986,0
6409,0.0773858069457496,0
6410,0.126419172371329,0
6411,0.046482307523967,0
6421,0.0804171849518765,0
6428,0.349467755410901,0
6429,0.262119291109277,0
6432,0.162253217957427,0
6436,0.0235680276737227,0
6437,0.344569309594585,0
6438,0.263449703524242,0
6445,0.0918283630912416,0
6447,0.509508492956793,2670.38700046982
6450,0.0314061782094822,0
6462,0.163023084030002,0
6467,0.73794322841082,5508.52481711825
6478,0.0263528696227697,0
6484,0.172291924295703,0
6492,0.359191274206225,0
6497,0.0262578396076995,0
6504,0.232185260213982,0
6505,0.20311829537754,0
6513,0.592947568958811,3209.46509493042
6525,0.255823761352136,0
6526,0.268007584215074,0
6528,0.0383404281580641,0
6540,0.00890514875149177,0
6542,0.113155994226255,0
6544,0.408385765031306,0
6548,0.0664844427821289,0
6552,0.200897650199113,0
6558,0.0100068213501834,0
6567,0.026015147886777,0
6569,0.599798167266172,3143.6045736514
6572,0.111312015867802,0
6577,0.0651288192302614,0
6581,0.219173785784013,0
6588,0.592909121293257,3321.2812374748
6591,0.740010934574781,4005.47938590096
6594,0.263203251774218,0
6600,0.418056439531522,0
6602,0.213745594332777,0
6604,0.0640638786116895,0
6605,0.0212084744497053,0
6614,0.249729370936071,0
6616,0.201886725322613,0
6621,0.434004246649754,0
6640,0.3168277188176,0
6641,0.334616291103714,0
6643,0.0389280452400932,0
6644,0.1751581918054,0
6649,0.523041368355077,2929.90514187359
6650,0.72671451115518,3933.50943596498
6655,0.391638973181588,0
6661,0.025953866343332,0
6672,0.345527776491611,0
6677,0.0394768569893753,0
6688,0.056371784381706,0
6689,0.0941268563504945,0
6691,0.0407763559179667,0
6692,0.376472894764828,0
6694,0.751743268281142,3939.96465036137
6702,0.539766218723973,3023.59223443952
6714,0.0407190170850468,0
6716,0.48952768278835,0
6724,0.0725580474173512,0
6725,0.110700845315884,0
6730,0.178735111815829,0
6735,0.474176036717339,0
6738,0.366795499100618,0
6739,0.228673210894424,0
6743,0.277817109253558,0
6747,0.138488338686821,0
6750,0.738078647566491,3868.34695207533
6751,0.701428713360346,3808.83507070515
6753,0.36907550942237,0
6754,0.251456329194679,0
6755,0.0836654832878787,0
6762,0.173296629070888,0
6764,0.0698702456342083,0
6772,0.662674870397847,3598.39744049605
6774,0.0922634936838637,0
6787,0.21776068415019,0
6789,0.0351638941525816,0
6793,0.128746038542491,0
6798,0.0131046569339343,0
6799,0.0264841060700675,0
6800,0.0986241686159257,0
6802,0.0304727193951537,0
6808,0.324808927437766,0
6809,0.0771283140109691,0
6812,0.0111676691420398,0
6814,0.835985078118285,4524.96151188318
6816,0.531542748145205,2977.52706600255
6822,0.0569464463906406,0
6829,0.394635004281685,0
6834,0.856419513870382,4650.4521664627
6836,0.0275380437662925,0
6839,0.170635769849222,0
6840,0.545758679555704,2954.04437759155
6843,0.0433625622629259,0
6846,0.408786550453184,0
6848,0.0189186919831708,0
6852,0.0786785121384022,0
6856,0.232683063618665,0
6860,0.107137019607552,0
6866,0.387366645708654,0
6870,0.40979695292029,0
6878,0.616579309139523,3337.37732395877
6880,0.0936610016443923,0
6885,0.034832103736204,0
6897,0.0650308168117519,0
6902,0.770464908813393,4183.70920599669
6904,0.510941597402547,2774.46907747154
6907,0.0629216009006153,0
6909,0.213283326332778,0
6914,0.610491770237094,3199.65085895672
6915,0.518240466738926,3868.50961206606
6922,0.348240901254835,0
6924,0.144160423257321,0
6933,0.0778373291847724,0
6934,0.0946711730700556,0
6941,0.364378966525366,0
6957,0.215312738298623,0
6960,0.0482961228270436,0
6969,0.0373665806579537,0
6975,0.0730605030043343,0
6980,0.69111271614955,3752.81807109083
6983,0.0605339453787634,0
6987,0.111461431247657,0
6994,0.0603112729400353,0
6997,0.00864986933020834,0
7002,0.131706101754991,0
7010,0.0190079677345901,0
7015,0.40427558271129,0
7019,0.248331606394094,0
7022,0.391019704204546,0
7025,0.0248611390768546,0
7029,0.0650071440741512,0
7031,0.155825737545543,0
7037,0.437239077977586,0
7038,0.159503025778133,0
7043,0.0959816004679603,0
7049,0.0622347642109709,0
7052,0.1864193924211,0
7053,0.294626618837355,0
7056,0.00653721761998547,0
7057,0.562051137970373,2945.76846742108
7080,0.237991103757261,0
7086,0.123322350631657,0
7087,0.0569315399961773,0
7105,0.406040961244194,0
7108,0.00979595960939965,0
7121,0.467905350653455,0
7122,0.24663675615851,0
7125,0.471964483407318,0
7132,0.315386346244634,0
7134,0.158311362691906,0
7151,0.302204054954552,0
7152,0.725584982879059,3940.00627138141
7157,0.156993390843987,0
7159,0.115533838694041,0
7166,0.847032394732059,4439.38487215978
7167,0.109142410945109,0
7177,0.0425287841874867,0
7179,0.735869715905142,3983.06408737124
7181,0.338444752478612,0
7183,0.111726192048096,0
7186,0.0321028323311815,0
7193,0.0160784358905608,0
7205,0.0428837798167786,0
7207,0.0226743068676625,0
7209,0.442222225051503,0
7216,0.27717455568189,0
7232,0.800360462602981,4194.77242199033
7235,0.18890704652037,0
7238,0.229973719748799,0
7240,0.712469075518997,3734.12452157892
7243,0.356262108878595,0
7252,0.269565603827461,0
7269,0.200611029418356,0
7275,0.03620811163637,0
7281,0.179984117447613,0
7283,0.0512101850013168,0
7287,0.273117177312566,0
7289,0.328164581118112,0
7291,0.354258577538202,0
7294,0.0314874481199852,0
7304,0.515407005402936,2798.71673410854
7308,0.223270753541617,0
7313,0.0579886140281822,0
7319,0.421479127182497,0
7325,0.0730974306632616,0
7326,0.122737336122314,0
7330,0.315514252884148,0
7332,0.0142265452405378,0
7337,0.385890409149977,0
7341,0.180406125238567,0
7346,0.35960500616254,0
7353,0.538665300882498,3721.39778040768
7354,0.701571882951771,3797.41917800954
7361,0.358481319513482,0
7366,0.525705998101997,3631.86775030555
7368,0.0387401139654156,0
7372,0.0390214457855206,0
7375,0.418432324680748,0
7377,0.422148134231162,0
7380,0.115223421689836,0
7382,0.431550558627829,0
7385,0.756159706830512,3963.11166410823
7392,0.731975895620106,3961.98788949982
7395,0.0405817296401495,0
7397,0.274570364407558,0
7403,0.0507124910417261,0
7406,0.373567392000753,0
7409,0.611864944102749,3322.49395162178
7410,0.225385343946307,0
7412,0.0538187258784815,0
7419,0.30852352213128,0
7425,0.110277534554636,0
7435,0.173943461696999,0
7438,0.347694823598142,0
7440,0.136333788544121,0
7447,0.0950179210081712,0
7449,0.647670078507407,3394.50623914548
7456,0.239892763052657,0
7464,0.0690493957921917,0
7478,0.150084416135106,0
7480,0.0407935720863704,0
7481,0.436130969129872,0
7483,0.31933759299065,0
7484,0.145455736006487,0
7491,0.565397097368871,4220.51971272941
7494,0.366495563830237,0
7501,0.477003769823658,0
7503,0.809687518413523,5593.7691343983
7509,0.202403496553955,0
7517,0.146091188216549,0
7518,0.206157893570808,0
7519,0.212910079269563,0
7521,0.46489292240285,0
7522,0.555231966727328,2910.02848174247
7536,0.0873863792049022,0
7539,0.0173312897591481,0
7547,0.406610768920542,0
7549,0.0473258084644536,0
7552,0.442003798927452,0
7554,0.295921546480524,0
7556,0.0445909776104553,0
7564,0.120923516121117,0
7566,0.262887731159653,0
7570,0.315070344316272,0
7571,0.0243156749348834,0
7572,0.226559331792482,0
7575,0.0653135713748643,0
7586,0.0876382362885185,0
7589,0.0382477803363652,0
7590,0.032311689735354,0
7597,0.2814379089473,0
7602,0.0210030201045491,0
7604,0.366844543779797,0
7605,0.376345223463531,0
7612,0.823677402707783,4472.65890121756
7615,0.0956315450918368,0
7617,0.102739857051443,0
7624,0.10725091339798,0
7632,0.148984960370192,0
7639,0.367760575697922,0
7642,0.308143818427648,0
7643,0.167911085749249,0
7649,0.420420946267392,0
7650,0.478034531796918,0
7653,0.265231781249731,0
7654,0.26416049509494,0
7657,0.587860620304619,3081.03864852102
7662,0.24064803794136,0
7669,0.788108973286122,5882.99705288891
7671,0.0175937376050603,0
7675,0.0660997281439324,0
7678,0.182440388837082,0
7682,0.835904534013007,4539.05356918937
7688,0.48703788731065,0
7689,0.140277611746832,0
7690,0.109672637552291,0
7692,0.400185913928337,0
7699,0.335512595870197,0
7705,0.690289519215344,3748.34802118643
7712,0.203249827045127,0
7726,0.582256335849971,3161.71595186229
7728,0.221158267350452,0
7735,0.368123430110118,0
7737,0.683454281372145,3711.2319278217
7739,0.0618781830774049,0
7743,0.593187670155833,3108.95827080442
7744,0.294308572163459,0
7746,0.223330362452328,0
7749,0.222392998629913,0
7750,0.353184271958214,0
7752,0.0548363076023054,0
7755,0.108090668114315,0
7756,0.839821447521432,4560.3228404006
7762,0.105222536204426,0
7764,0.756677671796024,4095.69193446049
7769,0.0994487898657427,0
7770,0.438641918204541,0
7776,0.139618889943143,0
7778,0.246178370635844,0
7784,0.517597529730289,2712.78248345953
7786,0.247967474182256,0
7789,0.203142867816147,0
7793,0.344326097279249,0
7794,0.0413147979147436,0
7804,0.271648977708366,0
7811,0.187854384117736,0
7813,0.149923023090169,0
7815,0.352366191238334,0
7817,0.0164033694420374,0
7818,0.269403404809216,0
7821,0.127147980868618,0
7825,0.0382980805888387,0
7830,0.540763003932372,2927.00413427487
7832,0.152997822623809,0
7835,0.00835796258134153,0
7839,0.169884561561585,0
7842,0.0240425739134434,0
7849,0.694103592793502,3769.05886026392
7856,0.401185975905457,0
7857,0.00322997074768008,0
7863,0.0742477188666162,0
7866,0.165571826837557,0
7871,0.0884905845825275,0
7875,0.548069576251401,2966.55263746325
7882,0.686768749063826,4744.57830165114
7887,0.613163848794787,3434.74153687829
7888,0.681682464505459,3818.5602109463
7891,0.914878109723747,4794.97132038557
7895,0.0181479667672632,0
7901,0.412948285182364,0
7906,0.337002733593624,0
7908,0.856841381969751,4490.79479440719
7917,0.153349607545427,0
7924,0.592399300526893,3104.8263435887
7948,0.354647121421408,0
7950,0.708495088290011,3847.20626387447
7955,0.123499046987639,0
7957,0.0326192108018846,0
7959,0.278916838891335,0
7967,0.038298555427918,0
7969,0.0424676223394894,0
7971,0.235813714979684,0
7974,0.252426329755405,0
7976,0.0662902195497746,0
7986,0.810428906732454,4386.63285633796
7987,0.645536899965293,3383.3260285557
7993,0.223180471966764,0
7996,0.482822924432243,0
7998,0.210874935349843,0
8018,0.0416987322694014,0
8019,0.414164741091226,0
8027,0.0195754150005245,0
8036,0.0441703475213524,0
8040,0.062148318043458,0
8044,0.0997664924840119,0
8050,0.0427914224361967,0
8052,0.375895195688526,0
8054,0.377245322820919,0
8057,0.718338710980291,3888.17349108435
8058,0.126050797421814,0
8059,0.549229392791314,3076.60181271732
8066,0.859077694231272,4649.95560789643
8070,0.0423712882935262,0
8072,0.555218105778143,3005.24569768853
8078,0.0237236779355807,0
8079,0.0834945169059677,0
8080,0.482147529520559,0
8081,0.16978664016024,0
8088,0.102098345310392,0
8091,0.670053774954863,3511.82152013103
8094,0.138171996400648,0
8095,0.711097978430614,3848.98136079074
8099,0.069922968167373,0
8101,0.302240492296638,0
8102,0.00731731212873327,0
8116,0.449787055822721,0
8125,0.204422223734932,0
8134,0.388831970444476,0
8139,0.027064865412052,0
8141,0.0880421481586659,0
8147,0.0680413592242661,0
8158,0.346355903020878,0
8160,0.0564790408853043,0
8165,0.416092359632245,0
8187,0.356416590391902,0
8205,0.254285004437056,0
8209,0.305720953418747,0
8211,0.357107995280436,0
8232,0.00395580170693305,0
8236,0.134171925121904,0
8237,0.234571021660531,0
8238,0.746949216070627,4056.01640767727
8245,0.35718502086232,0
8256,0.406365317167369,0
8268,0.0461014989687392,0
8269,0.0204579822581227,0
8270,0.343249822652228,0
8286,0.126965016008069,0
8289,0.0632936335521712,0
8301,0.422067275346685,0
8305,0.133724504915097,0
8310,0.276476716382249,0
8312,0.0282266019744063,0
8318,0.903708042229116,4891.52763141481
8321,0.188520969494689,0
8328,0.0360638645138315,0
8331,0.0382651261303058,0
8334,0.368708079335896,0
8344,0.121637359272637,0
8345,0.202225029584988,0
8352,0.240502738140047,0
8358,0.495813223912488,0
8359,0.250084777824831,0
8360,0.164941964689985,0
8365,0.199772959685441,0
8366,0.158522387746783,0
8369,0.739973389222411,3878.27749014714
8373,0.0370318718173378,0
8378,0.122291410131247,0
8392,0.141144758200464,0
8397,0.524300341668425,2747.91261791975
8399,0.192578969622233,0
8400,0.138138709024206,0
8405,0.543335980898316,3043.58886411867
8406,0.0346020811068374,0
8410,0.138229149286101,0
8413,0.0681692609744547,0
8414,0.423985051496458,0
8416,0.733005679274684,3980.30146908625
8426,0.0463713784962433,0
8434,0.270399808168417,0
8439,0.0819124072520563,0
8440,0.124464137736785,0
8475,0.0125440854303415,0
8480,0.103439044873003,0
8497,0.240940131234677,0
8499,0.79980880082474,5970.33275551644
8500,0.347311755877246,0
8501,0.0427916329882991,0
8502,0.520334676847861,2816.43111541472
8518,0.380086209165135,0
8520,0.500356541522199,2716.99105968511
8523,0.340727244411546,0
8525,0.175394183468837,0
8532,0.0886156486361216,0
8535,0.314779584966783,0
8543,0.327896861300863,0
8554,0.253545931821289,0
8560,0.113083375446911,0
8561,0.252496829145734,0
8563,0.0226644353081332,0
8566,0.817650471711683,4285.39115788999
8570,0.316258556180697,0
8572,0.0765203060675499,0
8582,0.184980535393754,0
8583,0.257176464277436,0
8587,0.21944635980838,0
8592,0.223808544281517,0
8593,0.455795888832581,0
8607,0.0165464148350778,0
8609,0.140387140480855,0
8610,0.0567774283144193,0
8614,0.361384921849838,0
8616,0.432703019083341,0
8622,0.15717683407088,0
8623,0.109637278047935,0
8624,0.22646987508268,0
8633,0.174290048059367,0
8641,0.385736667440479,0
8644,0.658932304215244,3453.53273535173
8649,0.631376936371888,3428.44621596235
8653,0.170635029802129,0
8657,0.15174616587961,0
8658,0.159835853350419,0
8663,0.0895841650222601,0
8672,0.568655652911265,3185.42131124345
8680,0.38953474400934,0
8684,0.526706860069816,2850.92202270569
8687,0.0956296164790721,0
8688,0.0341987699130086,0
8690,0.152031580116264,0
8712,0.221925572822347,0
8717,0.319441116683321,0
8730,0.040450290562627,0
8739,0.130991874705635,0
8744,0.0264480321338928,0
8747,0.275423135240309,0
8748,0.323835900429703,0
8751,0.703822212662988,3809.59960514734
8758,0.211275513088283,0
8761,0.441290653083508,0
8763,0.0068223218437345,0
8764,0.28607280827353,0
8765,0.209901403848322,0
8773,0.0863186305897868,0
8780,0.149956539001459,0
8781,0.107264258009518,0
8782,0.393847203729463,0
8785,0.154940362614134,0
8786,0.173263709539818,0
8797,0.805392221443702,4359.37063877497
8799,0.048232250901521,0
8807,0.73948656388864,4015.49338543734
8816,0.0513373630077882,0
8817,0.0544780267551902,0
8826,0.289953554776131,0
8833,0.17023107611764,0
8834,0.0582771389392931,0
8835,0.0864463810741791,0
8840,0.121817198991151,0
8843,0.0912610284723478,0
8849,0.327901414282804,0
8855,0.129148616149344,0
8861,0.262662446279717,0
8862,0.219863282435864,0
8865,0.281613635522778,0
8868,0.0055588667486476,0
8870,0.0141224981373626,0
8880,0.320075548184829,0
8885,0.0529183249169608,0
8894,0.208126775978552,0
8895,0.099446575626145,0
8899,0.0422361836323375,0
8912,0.295135121062786,0
8922,0.0173099195394716,0
8924,0.152957101845294,0
8928,0.2939881915013,0
8932,0.367155344971208,0
8943,0.184421170911848,0
8945,0.0829527154939158,0
8946,0.0497855694725155,0
8954,0.318532418850846,0
8958,0.370302736928899,0
8960,0.645487016353656,3493.84693802793
8965,0.230557842077826,0
8966,0.0323790377221327,0
8967,0.0373069704572621,0
8969,0.285449725868368,0
8980,0.170536180550408,0
8984,0.0264545281699017,0
8985,0.741445390744433,4153.33240197137
8988,0.326549604542242,0
8989,0.376433658325094,0
8995,0.108186617038272,0
9004,0.0769625189788656,0
9010,0.0416293311956457,0
9012,0.15724706894917,0
9018,0.393953878985186,0
9036,0.295554306043216,0
9037,0.154681098168737,0
9040,0.0787734902265606,0
9041,0.266987420387008,0
9044,0.395456601640201,0
9045,0.0631946930195204,0
9047,0.321646620847343,0
9049,0.0233266379426915,0
9061,0.0192884801038709,0
9062,0.32050031038524,0
9076,0.212528475773442,0
9079,0.234556524619922,0
9081,0.219502332724085,0
9082,0.141451337861351,0
9089,0.625469340487849,3278.14986230823
9092,0.242126006710422,0
9094,0.303516104596975,0
9115,0.0362053290045574,0
9117,0.274901288879517,0
9118,0.19342533162644,0
9120,0.0283892258430242,0
9124,0.0159222550331431,0
9128,0.312390942460568,0
9135,0.35543688554065,0
9136,0.765766262117828,4013.46061945079
9138,0.41551553124647,0
9157,0.428071475480812,0
9176,0.0633729267469027,0
9183,0.262490404460668,0
9187,0.442701210874327,0
9188,0.310367122743867,0
9190,0.13490608924482,0
9197,0.0343579047901624,0
9200,0.0396831420622677,0
9201,0.208049419608999,0
9203,0.0257123279762281,0
9212,0.415191037830251,0
9213,0.0769766522172939,0
9214,0.104481470243049,0
9217,0.223727916489686,0
9219,0.00468987411370989,0
9220,0.146820254172478,0
9221,0.127764581223917,0
9237,0.0143400837341098,0
9240,0.140628364752801,0
9241,0.00919951425280761,0
9248,0.226694023755354,0
9253,0.512876156758338,2872.96298102848
9259,0.570325779434166,4257.31084574222
9267,0.139442818891896,0
9271,0.448579208969834,0
9273,0.30256169621748,0
9285,0.0227770936635225,0
9290,0.113613386150914,0
9291,0.0981575755724099,0
9293,0.0655524406635022,0
9294,0.0594538598489388,0
9301,0.0862297527989232,0
9302,0.0453556824136131,0
9312,0.0150610250012369,0
9316,0.31759043155035,0
9319,0.71500968039421,3870.15434736015
9328,0.0689745868065747,0
9331,0.822736269415502,4453.24928755337
9338,0.0461945213169882,0
9350,0.324215925146523,0
9356,0.145721518203526,0
9359,0.530791380347779,2781.93282670627
9362,0.384568787188654,0
9364,0.136808155039491,0
9370,0.398059668244733,0
9380,0.104926561983259,0
9386,0.151069732629532,0
9394,0.258393524173275,0
9407,0.365423963331559,0
9411,0.724312947621093,3920.51042097712
9422,0.418089425143809,0
9423,0.365294228376883,0
9429,0.291318887556372,0
9433,0.2004345164944,0
9439,0.0368586746525727,0
9451,0.167298271601786,0
9452,0.40070622383845,0
9453,0.0143516459560373,0
9460,0.0166745702370906,0
9465,0.0364777285813655,0
9470,0.0440164574405826,0
9476,0.455427997412834,0
9485,0.656157475200642,3675.57764410718
9486,0.0684339700220484,0
9488,0.334554022536651,0
9507,0.00773634760723416,0
9508,0.353137550911343,0
9517,0.362983999421383,0
9521,0.178996848775498,0
9528,0.134887904680178,0
9532,0.418099559649399,0
9536,0.130579948601907,0
9540,0.114755841847791,0
9542,0.146480287216048,0
9546,0.226051413999933,0
9548,0.257176727587219,0
9549,0.114429433282453,0
9554,0.0812690522587924,0
9555,0.578606329042672,3141.8960133979
9558,0.0162130435990684,0
9573,0.746454047223332,3912.2432927184
9575,0.532106940098079,2980.68748313921
9584,0.635034606360535,4387.17023487589
9586,0.119950135244619,0
9588,0.102269507420702,0
9591,0.351846856718368,0
9592,0.734625612347831,3850.24923537866
9597,0.392902515660923,0
9600,0.0783410602868418,0
9603,0.571736574756142,2996.53084890072
9605,0.339284948615401,0
9614,0.672253428024873,3638.72629747307
9616,0.0131190210192191,0
9622,0.660678235201327,3587.55549174908
9624,0.176864252796152,0
9629,0.412765211357085,0
9633,0.041827811872247,0
9640,0.283513083667206,0
9644,0.396542078724013,0
9645,0.543614610287537,2951.88713146846
9646,0.0833225654080548,0
9648,0.964528310364954,5220.7313213617
9649,0.0429638800786786,0
9660,0.185893227291423,0
9664,0.404601068189641,0
9675,0.0532971575671864,0
9679,0.695445046774788,3644.89981643153
9680,0.461740600814385,0
9682,0.0612533333017665,0
9697,0.0213631695634241,0
9701,0.192722195845152,0
9704,0.417318030451917,0
9705,0.171233577649764,0
9707,0.282334919314,0
9714,0.0425701619584813,0
9718,0.162196707520215,0
9722,0.100670809061442,0
9739,0.138282653576497,0
9747,0.71374386737809,3740.80583829078
9751,0.171457383367899,0
9757,0.114130914139385,0
9759,0.0208586671748765,0
9760,0.0860481412455897,0
9764,0.550405071409431,3083.18757636207
9776,0.41230587664791,0
9778,0.201476029913942,0
9786,0.0717610130775706,0
9803,0.564874174893866,3057.51139267328
9804,0.080140212587967,0
9815,0.0600723828740887,0
9824,0.0129346126719258,0
9825,0.163019889200115,0
9826,0.316578489479334,0
9827,0.0286597549099391,0
9833,0.0681805712984661,0
9835,0.0514801943490967,0
9860,0.502124534303239,2631.68690523484
9865,0.288678217084807,0
9871,0.277512481462254,0
9874,0.29961308900319,0
9880,0.268585023038361,0
9882,0.280560793060713,0
9885,0.0542649006518529,0
9888,0.642974446092136,3601.73066544094
9892,0.0370283613184348,0
9893,0.25222147194276,0
9896,0.290433636472345,0
9902,0.0686950144143586,0
9906,0.115299768640166,0
9910,0.203840664038528,0
9914,0.279536849231444,0
9918,0.503140489529034,2637.01163223258
9920,0.228274039361901,0
9926,0.283572278864747,0
9931,0.060925660698478,0
9935,0.390125468804157,0
9945,0.854166310958743,4476.77446903111
9953,0.219430542337805,0
9957,0.0104339561337026,0
9963,0.110402214767854,0
9972,0.285652003369232,0
9976,0.506478341032422,3780.70887230472
9979,0.42662710482812,0
9980,0.0265255276256608,0
9982,0.0750976955483804,0
9991,0.739689637050982,3876.79031550645
10000,0.272025376478535,0
10003,0.298850271463689,0
10005,0.904126665985696,4909.50725023559
10014,0.0258615671824548,0
10032,0.350650964459849,0
10034,0.338926512808471,0
10041,0.0146719221264444,0
10042,0.0354305231705417,0
10044,0.062830077271054,0
10045,0.264466733925559,0
10054,0.469815401124584,0
10061,0.0809055487217031,0
10062,0.558959982450753,2929.56739986257
10073,0.124075859444211,0
10081,0.0266216447213833,0
10084,0.468151665497183,0
10086,0.159497088820734,0
10093,0.391848309578206,0
10101,0.716261863449784,3754.00291757412
10105,0.244488959569279,0
10110,0.425252753031071,0
10113,0.592518392006717,4422.97204081254
10115,0.582905073915544,3055.06611451906
10119,0.57277086125824,3110.20878142698
10121,0.507028823171512,2657.3907932395
10124,0.861335384880856,4662.17587780615
10126,0.165806791874021,0
10127,0.0180813372739078,0
10145,0.181213132923283,0
10147,0.658473393772959,3564.13869267671
10148,0.0106996765177489,0
10162,0.31269355842574,0
10163,0.0227666941039326,0
10166,0.790197327637306,4141.5063746692
10172,0.0832295791096274,0
10173,0.41471489735874,0
10175,0.0202809922708053,0
10180,0.115762433472461,0
10186,0.0338478707222004,0
10192,0.482959510330027,0
10199,0.319048446811446,0
10209,0.927371308928938,5035.72821832812
10210,0.22863240645475,0
10214,0.059155012883935,0
10215,0.2311637053194,0
10216,0.734084665397777,3847.41407615495
10232,0.325883733653085,0
10239,0.274158989241037,0
10249,0.0370122325027616,0
10253,0.388690367615501,0
10255,0.14437286805223,0
10262,0.0530997957708259,0
10264,0.030674832253655,0
10266,0.169693448440666,0
10268,0.199897230777137,0
10271,0.163203220541788,0
10272,0.359103909946131,0
10276,0.411203957072818,0
10277,0.0175663408706969,0
10279,0.4103726570859,0
10281,0.0202386960791312,0
10285,0.00783950301211634,0
10294,0.257097128002049,0
10300,0.145533819911436,0
