"INDEX","P_TARGET"
"3",1.59680028142768
"9",3.7189896056934
"10",2.34442803519622
"18",2.42303697210028
"21",1.27687407747448
"30",5.76315492162798
"31",3.9042345125302
"37",0.918879249648897
"39",0.992859231698171
"47",1.38321993923195
"60",2.72172915228583
"62",0.441510246853119
"63",3.65664295967984
"64",1.35347489729002
"68",1.50653662101749
"75",2.98596775273862
"76",2.56039178481285
"83",0.398766723029174
"87",3.67596118473394
"92",5.26550137469349
"98",2.34373512784719
"106",1.44871871041831
"107",0.601392555506852
"113",2.40133193226047
"120",3.44193752279848
"123",5.96394750662251
"125",2.93518682034642
"126",5.75445479618192
"128",4.59265610915651
"129",2.34038845695086
"131",4.23622794122814
"135",0.974846544805355
"141",4.18659328599392
"147",3.13786324702961
"148",1.61378137638169
"151",3.68688003749832
"156",2.51759085633274
"157",3.35928840597806
"174",1.17605260951648
"186",0.795643044991404
"193",2.36083698293425
"195",1.17592393334181
"212",0.984473172715152
"213",1.0953979988291
"217",2.4567077588625
"223",3.75124454517383
"226",2.91599352445373
"228",4.43008228668909
"230",4.11916755513566
"241",2.70792225964516
"243",3.70054129498431
"249",1.18160074600199
"281",4.1864739775419
"288",1.12535498191396
"294",1.97237569831435
"295",1.97877932501932
"300",5.66288896816845
"302",4.39523853718813
"303",1.71921041439232
"308",1.64154273604428
"319",4.6630567333195
"320",1.24454258032231
"324",2.66929987787343
"331",2.54190843596392
"343",2.89486834201135
"347",2.3928840637793
"348",3.6373920495765
"350",4.83240721529652
"357",1.47123468402828
"358",3.56088571053404
"360",4.06735757226801
"366",3.47298171531239
"367",2.45618301287101
"368",4.84298957919674
"376",2.38341753555629
"380",2.91574687626242
"388",1.25237991235286
"396",4.50249771163767
"398",4.64813589052949
"403",3.97738705103382
"410",2.9213371781474
"412",1.13497432613612
"420",2.44380911480755
"434",2.43291831775607
"440",2.68191431525955
"450",3.56649777991864
"453",2.62691398725039
"464",4.65687915217933
"465",4.67092273274178
"466",4.72063686658568
"473",2.17056760554654
"476",1.47502758237876
"478",1.44377189399761
"479",3.23800737330258
"493",2.49049227526286
"497",3.14545972443856
"503",3.59542158593926
"504",3.64596098929804
"505",2.19865626476609
"507",0.676311457416028
"513",2.47193878398609
"519",2.31899785912213
"521",3.61237843545812
"522",3.72947304776544
"545",2.6509289624729
"549",1.68625395293246
"551",0.906533405015344
"556",6.89898543503306
"557",6.18094879147266
"559",1.44259758984705
"560",2.39833078171227
"566",3.54608603289439
"569",4.5306435611282
"573",2.48484336264513
"578",1.50010186768978
"579",5.51950253503691
"582",5.04271389212905
"596",4.2288924488915
"598",2.38502063619891
"599",1.77214021517485
"602",3.04200778717247
"605",0.872993683078984
"617",2.3786330065694
"619",5.8287025769286
"630",3.38913363066829
"634",3.82418937119128
"643",2.3635396256751
"645",1.06574621359206
"647",4.66991302662808
"649",2.77121178625584
"656",3.67273889957748
"657",5.12668492374084
"658",2.79688040661946
"667",3.33241286257653
"692",2.95454013163173
"693",4.05213300334198
"698",0.488437830493246
"699",3.78995060993296
"700",6.65270449405155
"704",3.02220022478236
"707",3.15613367556805
"708",4.87167873120773
"709",2.82646655039682
"713",1.2542443165396
"714",2.85264330948299
"716",2.37861354958321
"718",3.6394437692885
"722",4.0629241037651
"729",6.56437040761789
"731",2.78491416251255
"733",3.67630185878384
"746",2.67128689545252
"747",3.56011310959747
"748",1.31194318630124
"753",1.24370303022972
"757",1.49229958590239
"763",3.01904872009071
"767",5.40292259395124
"774",2.4983268736444
"776",0.618798150225805
"788",0.814765399231364
"794",3.65206424769354
"799",1.87689603814829
"803",4.12725482422081
"806",4.01958605326546
"807",3.710125195543
"811",4.00593312595723
"816",6.40740065329983
"818",3.68749883922322
"819",1.37427960846847
"831",5.40955122322975
"835",5.12637630905738
"837",1.28831007833631
"841",0.950603858424589
"846",1.53788101697339
"856",5.53039925041141
"861",4.56629246240526
"862",0.652453931284578
"863",2.83271269770497
"865",3.65531735591276
"871",2.37714219355883
"879",1.18698759748237
"880",2.4982875966547
"881",3.63262497063998
"885",3.6474727359094
"887",2.92158517858528
"892",0.925438716179959
"898",3.63469793330182
"900",1.50915163635615
"904",0.944959389310071
"906",5.30897493545068
"910",3.72646314033246
"912",3.98388912930648
"913",2.40171650044131
"919",4.65086423792423
"924",1.40674239529618
"925",2.72014799288387
"930",2.93064227118404
"940",1.97821666671819
"941",3.39237402496363
"946",0.905524904093874
"949",5.21213223700313
"951",1.41490733232472
"962",3.6876603054719
"966",2.4775734380544
"967",4.56605031956986
"971",0.668890997966713
"981",3.15850487925992
"982",3.12104613157273
"983",1.03519462813454
"984",1.33479722947391
"989",2.23610134680997
"990",4.65160261580159
"992",2.90289839484125
"995",5.44993578298311
"996",1.39114943573925
"998",1.01190275708869
"1001",3.81577817212327
"1007",1.43215421471969
"1008",2.26998729240488
"1016",2.32938744420544
"1022",2.54236674899661
"1027",5.21946180107365
"1032",0.6324359085663
"1033",3.67265134120284
"1041",4.80468227091575
"1065",1.33676518888976
"1074",1.80305086309205
"1075",1.26372748022107
"1081",1.41292625266523
"1094",4.04617617244539
"1099",2.82810245939032
"1105",3.00303513449365
"1123",1.06858972818716
"1135",1.14916358717842
"1142",2.2770541003299
"1155",2.30252649090198
"1169",2.9426517348395
"1176",2.92490415816207
"1178",3.71597264375128
"1180",3.500953712846
"1184",0.738982684396413
"1185",1.54443621144359
"1193",0.849493216931164
"1196",1.03428721289955
"1199",1.80225663935523
"1203",2.80755942428166
"1205",2.41781604892602
"1207",2.25070783831964
"1208",0.950907066452798
"1212",1.39547724407351
"1213",1.14266366164637
"1222",1.64156148322224
"1223",1.59462686504724
"1226",4.19767392624594
"1227",6.30211887235855
"1229",1.48092055348152
"1230",4.31575274628955
"1231",2.71987269128488
"1241",1.23369681856077
"1243",4.07014495494237
"1244",5.72507862088202
"1246",4.23052563295009
"1248",2.51567922958945
"1249",3.75045356725916
"1252",3.62852479162265
"1261",3.25478172966269
"1275",3.18760982378727
"1281",1.71751465594424
"1285",4.05073996977789
"1288",0.72366094614349
"1290",3.70580283849708
"1291",1.46146318400697
"1304",4.49653343861448
"1305",2.64434344240378
"1323",4.5533792979606
"1342",1.04707049152839
"1348",2.33694568405339
"1353",3.69208789857895
"1363",3.03793856830329
"1371",3.70597682024912
"1372",1.24515219452766
"1378",1.34515532222613
"1381",4.15246852919534
"1382",4.14499452029895
"1393",4.54617105975886
"1394",5.1908076496352
"1398",6.30414164906338
"1404",2.85503719109283
"1405",3.67731251503088
"1419",1.6745424130479
"1421",2.34845508534836
"1426",1.24889276675165
"1431",1.28467594790108
"1435",2.9149702634908
"1437",0.875040280987948
"1438",1.672306505248
"1442",1.29552841467334
"1464",1.67225108210805
"1471",2.90207462944758
"1473",4.40768997054516
"1476",2.60386165119385
"1478",2.48553741149647
"1479",3.78041145249319
"1487",5.30146516082649
"1492",4.59713552362159
"1496",2.95198546466273
"1497",0.553390629521869
"1515",2.87829912582436
"1519",1.40903543602293
"1522",2.92242742499801
"1526",3.02499818311437
"1537",2.97335286635084
"1538",4.12010584932877
"1540",2.30445264567766
"1543",3.73955060601231
"1548",1.62229250811211
"1549",1.02178743233313
"1556",2.84440985739749
"1564",1.71405881343872
"1570",3.12224503324346
"1577",2.29151182019632
"1585",4.00203099042141
"1590",4.42437035526036
"1592",1.17867161082669
"1594",1.18356383211554
"1596",7.3742583109091
"1598",4.65020151127783
"1603",1.87267934375306
"1607",1.16616089644878
"1612",5.76187550705079
"1627",4.60091120007878
"1629",3.26911542314023
"1630",3.04591207829929
"1640",5.61446437942428
"1641",4.2151738445039
"1646",3.74041914725834
"1662",0.836183139854189
"1668",0.763683330473139
"1671",0.765541562769083
"1672",4.03561810515086
"1673",6.10626412339711
"1686",3.80962599928325
"1688",4.03814857435264
"1696",3.33581789221082
"1701",4.63485801925802
"1707",3.80348840162104
"1708",3.24033730218442
"1713",3.50671678848022
"1715",3.2807437440467
"1717",2.81015336889119
"1721",2.92883282684991
"1724",2.73879254333123
"1725",2.86869050618361
"1730",3.70269277684071
"1731",3.90100225117856
"1734",3.13325698058829
"1740",2.70202469532016
"1748",2.48624440381883
"1749",4.63536503947996
"1750",5.722661104004
"1763",3.00017046073392
"1768",4.21317320635763
"1773",2.52483842169449
"1777",0.856762148018934
"1778",1.04279607077687
"1780",3.15268617019734
"1782",0.718816338659165
"1784",4.78230299459785
"1786",3.70627640114338
"1787",4.52422305618672
"1792",0.651667613733883
"1800",2.45340036195874
"1801",2.897825748603
"1803",2.78499659945441
"1804",3.20268495368434
"1807",2.48680380373409
"1818",6.53382793871954
"1821",2.94752253005067
"1822",4.27317329789008
"1828",2.95578032397748
"1833",3.66471520855016
"1844",3.82462594995315
"1847",2.66656995373274
"1850",2.45938738019305
"1854",3.62006630332824
"1858",5.0479888740646
"1864",4.02630597317768
"1867",2.56785212556352
"1876",2.83508820637337
"1880",1.77451807761545
"1881",2.14470039930454
"1891",3.20084213667685
"1894",3.63103658243282
"1895",4.42216250010748
"1901",0.483338837254377
"1905",4.4947315846699
"1912",6.33420273130608
"1918",2.9449885764675
"1921",3.68324978244175
"1923",2.96900775785583
"1924",0.735676514731444
"1931",2.31177687699319
"1941",4.13535466312383
"1950",1.63091683012459
"1951",4.10037635003121
"1954",4.58048616640377
"1961",3.66926067324031
"1966",3.74196681646882
"1979",3.80618195265147
"1982",1.59048351654599
"1987",2.83595739928068
"1997",2.95307178063736
"2004",3.96927719689975
"2011",4.64288166698289
"2015",3.07537344543132
"2025",7.64869735264486
"2033",1.20639503934927
"2034",4.62607223843941
"2035",1.56473201841862
"2036",1.64102172395024
"2053",2.5393505216463
"2059",3.25711356673908
"2060",1.56914768492294
"2073",2.95999569277372
"2084",2.87291870374117
"2089",3.06163097084468
"2092",1.321681957717
"2109",4.71878859700331
"2129",5.24944201540092
"2134",6.27288550904579
"2135",4.80646428454793
"2148",3.25165381911019
"2149",0.734585664897073
"2150",2.33636763959507
"2165",2.85514049929794
"2166",2.84119616186897
"2168",4.25225336101608
"2170",1.49888140770169
"2171",2.32818832312047
"2172",2.67955808645438
"2176",5.2984973729735
"2182",2.92965024714753
"2189",2.3260486969446
"2191",4.6961422016422
"2197",2.7312451996294
"2202",1.00473275205894
"2203",3.75426151999373
"2204",1.44248435742742
"2206",4.54358299853618
"2218",2.67398905769841
"2219",3.56194624309151
"2221",1.26201888563596
"2226",1.28482542422182
"2228",2.89791701237804
"2232",3.65200585685861
"2236",0.728143845223163
"2241",2.53371891258259
"2245",5.30122356872654
"2251",3.33034659262972
"2255",5.33106374822866
"2256",3.7249283443308
"2259",0.893977974770816
"2263",3.55956361586086
"2264",3.68542706923581
"2267",0.748583593440049
"2273",2.24966611150505
"2277",4.54685684245264
"2287",4.12447624019991
"2289",2.95257249876256
"2291",1.71210936814834
"2296",2.28244294860754
"2299",1.61868346890793
"2306",2.98439444305812
"2314",0.843131575373465
"2317",2.36278688207614
"2318",3.91294955565838
"2321",4.08701650324957
"2324",4.58874401387609
"2340",2.79479107856747
"2343",2.39328023177588
"2349",1.59739604915663
"2352",5.31892255142849
"2353",1.01811281656409
"2365",3.11405767313006
"2370",1.40735876949982
"2378",2.99971053979407
"2390",1.10336396704912
"2399",0.987180360392984
"2402",1.11874964975299
"2403",0.671533271184809
"2404",1.57922142197707
"2414",5.23437723057515
"2422",3.67176803527841
"2424",0.560746615861734
"2430",3.7454519066054
"2435",2.88063300991516
"2439",1.23377206318215
"2442",4.98875526910467
"2445",3.72180641606507
"2449",1.15953339396735
"2451",1.30096230932106
"2461",2.66783907996007
"2464",3.68366237773586
"2465",3.6827009603374
"2472",3.01314936864955
"2476",2.36479584374408
"2482",3.01472306126116
"2487",5.25625714381314
"2498",4.61149185050624
"2501",3.6112820863132
"2504",2.57244605395427
"2511",0.835937813698841
"2518",4.95338269196692
"2521",5.46474726300221
"2530",2.94857421230465
"2543",4.63697984022399
"2545",4.48296803602159
"2561",3.29646203788745
"2566",3.65784463749787
"2572",2.55100281263079
"2577",3.10454998371392
"2578",1.30020196817382
"2580",2.10124952274076
"2581",4.12939098631926
"2582",4.67323650414361
"2584",2.80680096797298
"2590",4.17022543981112
"2598",2.92064503053787
"2602",1.31615193201598
"2605",5.25883508101791
"2616",3.71040619180475
"2618",3.50724742107268
"2619",1.51749515010207
"2624",4.80640824193688
"2632",1.35304698937166
"2640",3.71418415813131
"2646",4.308486711222
"2651",1.30930538040854
"2660",1.12004064434606
"2661",3.65914897587317
"2668",1.2948281609883
"2670",1.03892830394186
"2680",2.63307281307396
"2681",3.04983543669596
"2689",1.5364553738615
"2694",5.82283382202417
"2695",1.04774184561169
"2696",2.81309197620823
"2702",2.6924739572528
"2704",3.69804608374183
"2708",5.58523249491976
"2709",2.77579929473828
"2714",4.05393438790146
"2716",4.49948770925182
"2723",0.9238513914766
"2725",2.88861207472769
"2738",0.4412167326762
"2750",3.72680054788043
"2756",1.20408388532621
"2758",4.17157962481081
"2766",2.95588170231893
"2767",1.14049318032509
"2771",2.25262842177033
"2775",3.61086327855285
"2776",2.87107039679754
"2779",1.21698428111947
"2780",2.74836401873608
"2781",1.42970809579173
"2782",4.22515683833095
"2783",3.61811911910458
"2796",3.8400367494428
"2798",5.4435655314805
"2800",3.1947125151282
"2803",7.23629061754482
"2806",5.29636549158313
"2813",2.90219572365821
"2818",1.26540351650357
"2821",5.1482031004666
"2825",4.1092415629072
"2829",2.34214025687583
"2830",2.86329362497045
"2833",3.92158422269722
"2839",1.37148394443914
"2843",4.51640817181632
"2846",4.56361486613518
"2847",2.94845303395923
"2848",6.07289264664859
"2856",3.24299414017858
"2863",0.441777425642678
"2867",5.05502507190322
"2869",3.64972449054044
"2873",4.23993980358886
"2874",3.62286750796706
"2875",3.03348827216917
"2880",1.11100555814552
"2886",3.25304152196854
"2887",3.55750557209181
"2888",3.84095721134407
"2889",2.30476794083985
"2890",0.813962253633252
"2892",1.73858729252413
"2901",3.15306051669759
"2902",2.48904753733774
"2905",2.39345526276702
"2917",2.75449749731453
"2922",2.71004975954057
"2924",3.15733841673591
"2930",1.20329050525845
"2931",5.30744288038643
"2946",1.3079115624087
"2955",3.68134458489959
"2962",2.70073444860995
"2964",0.923830452123903
"2965",1.12593084872144
"2967",5.6827125682802
"2970",6.2610592686968
"2973",6.61755434336788
"2974",1.54165523201456
"2976",1.44039241648062
"2977",1.51255208340867
"2978",1.02988676073277
"2986",4.41466335799357
"2988",5.30536826280693
"2989",0.949479929935626
"2995",3.75526148001425
"3005",4.85630441445822
"3011",5.27429325899085
"3013",3.00168861024876
"3019",3.57147552517752
"3021",2.06817246725083
"3022",5.21175669668185
"3029",1.43334306813006
"3037",3.65415630566357
"3042",2.41317478938899
"3043",3.73447624857777
"3049",3.8841058152249
"3050",5.67933232175153
"3053",1.3159918643622
"3058",1.41958284912951
"3062",1.17106731523974
"3063",4.04936076114816
"3065",1.094503661483
"3080",2.57815211853974
"3088",0.746640837869583
"3093",1.36828550283393
"3096",5.54640050896737
"3101",5.9037067420236
"3103",1.40379002383235
"3107",6.85126817904875
"3109",4.07604504280657
"3111",5.94027863265653
"3113",4.44515133836064
"3116",5.21011156699004
"3132",2.95161880681821
"3141",4.91032941167219
"3153",1.22445423975264
"3154",1.07365432552111
"3160",1.22441131280547
"3167",1.1810808417102
"3170",3.15678277243119
"3173",2.57577495559494
"3174",3.67594093263339
"3177",5.18453128057894
"3179",3.94791455412863
"3184",1.28170175716319
"3190",3.05366977690203
"3193",4.23088674562518
"3199",4.10571721479373
"3201",1.54159396643219
"3202",2.45385419222735
"3203",2.96283385692903
"3206",3.00101658792999
"3209",2.83124494637541
"3210",2.47636651645208
"3217",4.16352740817907
"3220",4.0813734493597
"3228",2.46585974016092
"3232",2.57023609816015
"3239",1.67103401810621
"3243",3.7868944329309
"3245",3.04653851423191
"3246",4.56738457433287
"3251",4.57235122062995
"3253",4.49087828403547
"3257",4.15260891348367
"3260",1.36811724509248
"3261",3.39363232793922
"3263",5.1948879988882
"3278",3.72506623470912
"3281",3.1296057355817
"3283",5.328916432615
"3290",2.4458648903536
"3297",3.52040567407393
"3304",3.9977079406436
"3305",2.94346399156823
"3307",5.50984045235827
"3308",2.65365725732932
"3313",2.45529456800443
"3314",2.86923543382915
"3317",0.455055105008453
"3348",0.82670079238553
"3350",2.50742418116996
"3359",3.97967258051199
"3367",4.04261754587554
"3376",2.95836164439928
"3378",3.19120654036835
"3384",0.917723124730653
"3386",2.89100934556723
"3387",3.69039462705982
"3388",2.95815585028148
"3390",4.4637137437451
"3391",1.01547839073702
"3396",1.31998292667332
"3398",3.5723025617192
"3404",4.80913043303788
"3406",1.2329299134478
"3407",2.99417888664062
"3414",4.95944926516762
"3419",2.85282792036949
"3423",2.31305581198905
"3427",2.67565763816371
"3432",1.34497313583488
"3434",2.62349481379356
"3438",0.964455830143311
"3442",0.955064882067225
"3443",1.10224829237778
"3448",1.60848750140485
"3456",2.8253576519208
"3464",5.9605777611823
"3470",0.817842975103672
"3475",3.61028551882776
"3477",3.72665739311738
"3490",2.7182431725923
"3493",3.74981804959527
"3502",2.82779847123299
"3508",3.96910174351868
"3516",1.12106878888688
"3517",5.26389169381274
"3525",3.15179994085392
"3532",3.57222005339294
"3535",3.66863359351735
"3536",4.58227841535965
"3540",2.92482492385517
"3547",2.82464591440328
"3550",3.30840624950837
"3557",2.36411079487776
"3562",1.33655108099078
"3563",2.90973698403158
"3564",1.54215260699815
"3570",3.15131715082686
"3573",2.88158519648568
"3577",3.11002869508911
"3579",3.2762632738732
"3581",1.36940503157087
"3587",3.64995464792288
"3602",3.26526260949539
"3609",3.72496987391506
"3612",4.57281943463251
"3621",3.06524117218056
"3642",1.1076117348076
"3647",1.52331906783894
"3649",2.6951763996203
"3654",2.69120025631677
"3660",4.61170545291785
"3665",4.32079409463055
"3669",3.48384808557964
"3673",3.78962671327044
"3675",1.29235029527297
"3678",3.78343775794231
"3680",3.10965625290612
"3686",6.51297539233306
"3693",4.85749520113007
"3710",2.66975162075136
"3713",4.21385889114232
"3718",5.31497805523129
"3725",2.94765008565642
"3726",3.10109488711479
"3747",2.77703269621751
"3753",1.69181437011853
"3754",4.58048273281878
"3760",4.73832713608917
"3763",2.37352154341309
"3765",4.14697718786998
"3769",4.54753733431148
"3771",3.54057420008622
"3784",1.73102025967137
"3787",4.50242763361531
"3794",1.18766826902009
"3796",3.58465358995795
"3798",4.56873382301316
"3809",3.80348026541884
"3812",5.17820082723166
"3819",1.45354741863124
"3828",4.1031634152456
"3831",5.34226400564568
"3833",3.42327970108968
"3837",5.09237008763031
"3839",1.48372781664654
"3843",1.4832319146803
"3846",3.63537125138181
"3854",5.267631990337
"3861",0.829598720491843
"3864",3.66934633424736
"3868",2.31619551652104
"3869",5.14596437065834
"3870",2.90914353141083
"3883",2.54140544877349
"3886",2.89432773108782
"3889",3.65618730123659
"3894",1.48100584901323
"3907",2.61127585381734
"3910",3.80686238012977
"3913",0.849905767910134
"3914",2.98875151976912
"3921",5.80774738139409
"3923",1.0880713485157
"3929",2.33672229773862
"3931",1.62739331638673
"3932",5.01957624282625
"3937",1.19582838136206
"3943",2.18951627462
"3956",4.58950928762859
"3957",2.51636476492466
"3961",5.84391139036403
"3971",2.69543308342641
"4004",1.2970007479391
"4005",2.51975155176594
"4006",4.27829122108946
"4011",2.47192021840819
"4013",4.95968444861745
"4014",6.78565876811306
"4016",1.24203851114389
"4017",5.02368086604321
"4020",2.9027490576538
"4022",3.75568423622721
"4026",0.888327293920636
"4032",1.43124161719313
"4043",2.24721785274768
"4045",2.50803096351325
"4048",5.28511413538542
"4051",5.26138924876868
"4052",3.61605422780308
"4056",2.88963634167091
"4059",2.35300782293202
"4069",5.16545371541274
"4074",3.68774882787986
"4076",2.55849921987804
"4077",1.48970852527244
"4079",2.57547652560884
"4081",3.68218886814718
"4088",1.20974182929087
"4105",3.15738358940772
"4125",3.64853167054348
"4134",2.93848506809253
"4139",2.48299684518042
"4146",2.30638852349183
"4149",3.80362697297925
"4151",0.554223003860943
"4155",2.73019647981261
"4157",3.10095959101381
"4168",5.13617254756084
"4170",2.3998750395442
"4174",2.28236585670815
"4179",5.22361343741803
"4185",3.98010517592784
"4199",1.85261627201992
"4205",1.00109848166191
"4208",3.33097229754201
"4211",2.23713550089004
"4212",1.30787792894466
"4215",2.86143564341409
"4217",2.9688402895576
"4219",1.50871867865553
"4226",4.07457676324805
"4227",3.01101652229625
"4229",1.7214874690871
"4231",2.74957221379045
"4233",1.51104543871004
"4237",2.30897815407787
"4243",4.58973928136329
"4248",4.15402736541884
"4255",5.49009017268297
"4262",2.49122744557751
"4266",1.49811154924491
"4268",0.725571062694248
"4270",2.64902772455931
"4273",1.38617519965399
"4276",4.76542348834753
"4277",3.64447544783072
"4279",2.29547072497176
"4299",3.70627961744964
"4313",1.10368502578196
"4322",4.11180258193795
"4324",1.11614800368056
"4328",2.8712807098924
"4331",2.68477143697073
"4335",2.39438663365987
"4337",3.76220327512298
"4338",1.3867103137158
"4343",2.4000872598597
"4347",1.93380895997178
"4355",3.60704667747123
"4357",2.71627383362227
"4359",6.02720091254719
"4362",1.98947089074396
"4368",2.54875891007183
"4374",5.21822652487997
"4375",5.26812633319849
"4378",3.44062117741988
"4381",1.08739599746345
"4387",4.47414906312604
"4400",2.49916811127539
"4423",4.55762045435992
"4424",2.92872051206265
"4428",4.09866522640119
"4433",6.674580025351
"4436",1.15974193202094
"4437",0.70272028278976
"4439",5.90516130873424
"4449",3.87937915930452
"4456",3.69747560870207
"4463",5.76184295355158
"4467",2.40417166274328
"4468",1.2495913705744
"4469",2.70205856255312
"4472",3.57432719201575
"4473",3.90575865745495
"4476",2.47066927956465
"4500",2.63601199250088
"4509",3.89017227281252
"4513",2.49046397745029
"4521",0.717648281648183
"4527",2.37270932524525
"4530",2.03843265271166
"4532",2.81376022811297
"4533",2.83574774294319
"4535",2.44706401877865
"4536",5.23721956464604
"4542",3.95605110758987
"4551",2.60773826249602
"4554",3.65549892542349
"4555",2.10898886083714
"4564",0.837506606283308
"4572",2.32905427147138
"4573",7.29191383961186
"4577",1.30733476212277
"4579",5.21014734685613
"4583",3.53165879308748
"4584",5.6569372286561
"4596",2.90948550932984
"4599",3.67213073080391
"4607",3.69119877886206
"4609",1.09102015382787
"4610",1.35052408796713
"4616",2.05117816030372
"4617",2.55988766119448
"4633",4.26691748159713
"4638",3.59034721339015
"4641",3.03863607290559
"4653",7.24549391278947
"4655",4.04377427038331
"4659",1.038430197963
"4669",1.37695654569039
"4678",1.18576417810565
"4685",4.51488787694566
"4686",3.6807787687841
"4691",1.03687535802346
"4695",4.75392066022776
"4698",3.61654430440274
"4700",4.56214786393933
"4711",2.81482054837014
"4722",3.99194421925665
"4727",3.30785803220266
"4756",5.94707244503272
"4762",1.43316660719468
"4763",2.8017141293395
"4766",4.5722641259113
"4770",1.08247127716521
"4784",3.32644007341418
"4791",2.94807777171897
"4795",5.01023202738272
"4799",1.80991503252293
"4802",4.03836012793729
"4805",3.72232725195456
"4814",4.73292037498736
"4816",1.453610013246
"4817",3.67832140723128
"4822",2.64991503560046
"4827",2.38811254206659
"4833",4.21269091125595
"4836",0.485382949606704
"4842",2.79566145991627
"4844",2.82043194926156
"4845",2.48448340510683
"4849",4.08497790766237
"4850",1.22819777327275
"4860",4.35841912497585
"4863",2.77557665315752
"4871",3.74469748795138
"4878",3.55522407058816
"4881",2.5864285365583
"4888",2.46838137691895
"4900",7.12939629944717
"4906",3.38867904484915
"4909",0.705417346896652
"4916",4.73573286919145
"4918",5.44710765705544
"4926",2.86719875924572
"4928",2.01634220016708
"4941",2.59146052848866
"4946",4.31599275007964
"4949",1.09117572140441
"4956",2.84980411431274
"4966",4.07045334195329
"4969",2.77444368977537
"4973",3.73788814238479
"4978",5.10393076761658
"4982",3.70398919886219
"4985",4.51272591264945
"4991",2.20676796979335
"4998",3.79828086615503
"5000",2.47743624726043
"5004",3.69491173459557
"5005",2.29397159949329
"5011",4.65943014094988
"5016",0.961189276856454
"5018",2.89921613792947
"5034",3.80804182551194
"5038",1.39466435360345
"5042",6.26973020503454
"5046",2.77832203906147
"5051",0.992087067820697
"5054",0.876506348889437
"5057",4.08117992358378
"5062",3.63143166753409
"5063",4.52454675778346
"5065",2.72421175812873
"5066",1.48978012714221
"5076",2.53750303274595
"5089",2.82547340043634
"5092",2.27389862537914
"5093",4.18476163889082
"5094",4.20772263420883
"5098",3.44131151508788
"5102",2.57520663883417
"5112",5.24068093191008
"5117",2.94976352052676
"5127",3.52423288824895
"5130",2.45593372173743
"5131",2.33969708130493
"5132",3.53046539878719
"5135",1.23378610936917
"5136",2.89088050924863
"5147",4.5434736443118
"5157",3.61688692094907
"5160",2.34519679927686
"5165",1.23315866080064
"5166",1.30409700042164
"5172",2.37023953786387
"5173",2.34271771142172
"5179",1.19538180109414
"5184",5.27746947206665
"5187",2.26503732041803
"5191",3.14944880429218
"5193",1.37691490596471
"5194",1.25041831431799
"5199",2.49845329829102
"5212",1.39698066284174
"5213",2.78862017126192
"5224",3.73594478186584
"5226",3.88960584683605
"5239",5.3403553865155
"5252",4.76220913069395
"5264",1.39079124571963
"5266",2.0315393961862
"5271",5.12651687657026
"5273",3.76269751946972
"5276",2.37293038311403
"5278",4.19376200483893
"5281",2.31815348256124
"5283",4.04643050533986
"5291",0.604758733573453
"5294",6.42310224038332
"5296",3.81654087205513
"5297",0.995552642973047
"5313",3.51174989309225
"5314",2.94765249662415
"5321",2.82745597879262
"5325",3.15033356816123
"5326",1.06737907342345
"5328",3.36995847108244
"5334",2.70603939627856
"5338",4.69635877581433
"5344",1.87565852186245
"5348",1.22075805057713
"5352",0.657926509570229
"5353",3.66212036472139
"5354",1.10216544258275
"5361",1.2337779076205
"5364",2.50555003270647
"5365",3.79009610351753
"5367",1.44350958016593
"5379",5.16932004517284
"5382",3.01887492972064
"5386",4.92907176342564
"5395",3.87183283870704
"5410",4.57724192230862
"5411",2.98525929671604
"5416",5.01563133472283
"5424",2.93953309048716
"5426",2.70211043685866
"5428",0.873653531392639
"5430",4.78635216544493
"5433",1.7308269813261
"5437",2.85538370574891
"5440",2.61959199452156
"5442",4.90241301268646
"5445",2.96014746658583
"5449",3.64086355055603
"5452",3.78130872980376
"5460",0.950092019053143
"5461",2.24961348798708
"5465",1.53195726219271
"5467",4.06349901266983
"5471",4.74523259120908
"5474",0.987188718706598
"5475",2.79796948092383
"5480",1.49502439996488
"5481",3.60723471800895
"5484",0.938682001545085
"5494",5.86733911474441
"5495",1.68740307634718
"5497",1.86239221707022
"5499",2.91645155785429
"5507",0.821672019240112
"5510",3.32979017407125
"5515",1.44864167505496
"5516",2.06624839370227
"5517",1.42119266908626
"5524",4.05677933713334
"5530",6.47996121687896
"5534",2.62327939982538
"5543",1.3292244952327
"5545",2.66139605940725
"5558",3.77273383937907
"5562",0.985503362465251
"5573",7.16969145086217
"5581",4.03149029057979
"5583",5.30469283122051
"5587",3.25428653040168
"5589",2.32968543918655
"5591",5.68551828942126
"5596",2.91695406020609
"5606",3.9839540608777
"5608",4.71868802079136
"5611",2.96155802083881
"5612",4.74546901728515
"5614",4.24602191566753
"5620",3.63688488343324
"5623",5.41911885529451
"5624",2.31321116011914
"5626",6.51917412768168
"5633",1.54411321255278
"5635",2.92424361250112
"5640",4.5137662543563
"5643",2.90978586345407
"5644",5.83138229364486
"5653",5.28512191141512
"5663",4.05321230293104
"5664",4.99193100861141
"5667",2.35086748950488
"5671",1.14893684671464
"5673",3.58654821417422
"5676",2.32335606414374
"5678",2.88983932432472
"5698",2.33663585525443
"5700",5.80300609506615
"5705",3.64061898738406
"5706",5.92937948954108
"5711",1.62259442331506
"5712",5.13370083153376
"5716",2.91196730197741
"5719",2.59910240876962
"5725",2.34508047886724
"5728",7.49222987617198
"5734",1.39959335769788
"5735",3.98594139778706
"5743",2.57658238842708
"5754",1.24390892817977
"5755",2.5556018549794
"5756",4.67143245622062
"5766",3.12139280735878
"5770",3.64006603695446
"5774",0.973532088353943
"5775",2.46502841848808
"5776",3.83980561588581
"5778",5.90794563788803
"5786",2.88921761117563
"5787",3.62192583273304
"5791",4.89770793777236
"5794",2.9963188924707
"5803",2.73768929814124
"5804",3.17206974497096
"5808",0.792473759687511
"5810",3.87027587650024
"5813",3.89939370429851
"5828",2.96708318336604
"5839",5.75333599190371
"5842",4.09657327388014
"5843",2.82362665188789
"5844",3.67143395476466
"5847",2.41093384500213
"5851",2.27141409220449
"5854",3.22883207700835
"5857",1.06402714536783
"5866",1.48525705520921
"5874",0.922595874162696
"5886",3.54864172315382
"5895",3.00237291930777
"5897",2.44870512454501
"5898",2.8072356485408
"5900",0.80493668088365
"5902",1.15348929491268
"5908",0.542183960831576
"5909",2.9746016942479
"5912",6.08945319756601
"5913",1.07642049447739
"5917",4.63251326348568
"5918",2.85525223450838
"5921",3.23248811659854
"5931",1.61634476128936
"5942",3.84598279378779
"5943",2.95327944481021
"5950",3.78847453765961
"5954",1.08124089373697
"5983",2.90617274391221
"5995",2.73991790171345
"6002",2.93798745791986
"6005",3.68161776190915
"6009",7.32325337874627
"6011",2.44195323064324
"6012",4.56607383378972
"6019",1.74570204093779
"6021",3.20924324267601
"6029",5.05458020410019
"6036",4.5686694929648
"6037",3.07417824293098
"6038",0.841556582849349
"6043",2.99004508590626
"6045",4.10069819321298
"6047",1.21305018442905
"6048",2.81856905059927
"6061",3.73867069595736
"6063",3.09238305257042
"6064",4.98309340883516
"6068",4.29357589537581
"6069",0.813446442323236
"6070",3.60185807036549
"6071",5.28043418270977
"6074",4.09957990598665
"6079",3.52987908109288
"6082",2.7572962854348
"6088",4.12606270483668
"6094",2.55062993631741
"6095",0.727732140437852
"6098",2.69671958989774
"6102",3.63184733626744
"6105",1.08135342685183
"6113",5.65158492617397
"6116",2.74421811473418
"6120",1.24126610847134
"6121",2.3285717922898
"6126",2.35590709969631
"6144",4.51574115851582
"6145",4.65784593608306
"6153",2.24657447163575
"6156",3.53851691634205
"6159",4.23738783314097
"6162",0.765289493872792
"6184",2.60966700655385
"6188",2.75630518904613
"6189",2.73096265221166
"6191",2.37062891817916
"6211",1.06052365041375
"6216",3.7041326419768
"6218",1.94110408612649
"6222",1.21016131947087
"6235",2.8819754510907
"6245",1.43708661963951
"6248",3.50217738523794
"6253",3.6513019711585
"6256",0.884334869785458
"6257",4.39856262833455
"6259",1.23062325748664
"6266",4.57583414525715
"6268",3.72397474072022
"6275",1.42288431548188
"6280",2.79000334189624
"6283",2.38897293719694
"6288",4.60968118099376
"6289",2.43036750224213
"6301",5.75360867834719
"6308",4.18706797403504
"6314",3.73169350919194
"6315",1.45525809411749
"6316",3.53266264240326
"6317",2.64667784848831
"6318",2.51028180220844
"6323",3.26639349913411
"6329",3.34569301537415
"6336",1.44541949949257
"6341",4.65434583178678
"6348",3.21278044662824
"6349",4.48344750642692
"6365",1.57882404380742
"6372",3.84467970513606
"6376",2.62044427908
"6378",1.62696395769663
"6379",4.62917402100323
"6382",1.27685432080968
"6383",2.93697827527146
"6389",5.08856215343095
"6390",1.9720884901825
"6392",4.33777781214359
"6394",1.684276859949
"6402",0.60756369658212
"6404",3.09877678244153
"6405",2.48935233762939
"6406",1.06656413257259
"6409",4.63735321685933
"6410",4.9888017740937
"6411",3.70780744623159
"6421",5.34535582193812
"6428",7.09798661527101
"6429",2.48277451791467
"6432",4.10675458510307
"6436",1.16402578038073
"6437",3.69759902064664
"6438",1.0971973102956
"6445",2.67448930774031
"6447",4.21754438844954
"6450",4.4324523367839
"6462",4.66585203716825
"6467",3.64960772734771
"6478",3.6944135136365
"6484",4.6977822080781
"6492",4.58234242071005
"6497",7.07350074929084
"6504",2.92466676617374
"6505",1.16935065095292
"6513",2.93450075418709
"6525",4.64406237307773
"6526",4.58448695224706
"6528",2.587051482752
"6540",0.856763311310634
"6542",0.695007307042593
"6544",5.13253657038208
"6548",3.65567987646311
"6552",2.97099437269775
"6558",3.62589491161803
"6567",2.21067643850707
"6569",4.55711320738255
"6572",5.6789960479024
"6577",6.04972518706621
"6581",3.25895269529688
"6588",2.88658653977672
"6591",0.865050375964241
"6594",2.52582366215841
"6600",5.92035793510809
"6602",3.07526331207218
"6604",2.3948057009778
"6605",3.68490403919848
"6614",2.33180774188388
"6616",1.43588893326259
"6621",2.06385144849988
"6640",4.29130676356962
"6641",2.88162791669696
"6643",2.54314538183766
"6644",1.37477187908904
"6649",2.07045033708905
"6650",3.73206702619693
"6655",5.66998176011401
"6661",2.3060300263144
"6672",4.63021646329978
"6677",1.63726776669126
"6688",2.74849118066564
"6689",5.04434173072655
"6691",2.64107681959764
"6692",4.90814437815206
"6694",3.30576916215948
"6702",2.43909981113674
"6714",0.786993918298072
"6716",5.10906537726918
"6724",3.64512292937681
"6725",1.52666281006087
"6730",3.5263079215089
"6735",2.75631138971385
"6738",2.85904872590826
"6739",3.03650235620244
"6743",3.68708393563742
"6747",2.71448216138322
"6750",7.38449630289797
"6751",3.15397744350195
"6753",4.24205886604246
"6754",3.38361880710844
"6755",1.54121877514506
"6762",3.69054361838981
"6764",3.72770017700962
"6772",0.982790417401439
"6774",1.51392959798243
"6787",2.38366698867248
"6789",3.48355281274928
"6793",3.85859745175435
"6798",1.25082573785071
"6799",0.972510964735692
"6800",4.05833580441706
"6802",1.48554144568882
"6808",1.173767799597
"6809",3.85109859606619
"6812",4.83333148285074
"6814",2.59305062955783
"6816",2.47754244978217
"6822",1.55806194348563
"6829",3.7621139827832
"6834",2.39219989670816
"6836",4.30311513869232
"6839",3.18460769668381
"6840",1.28183248877572
"6843",1.52544577620733
"6846",2.23457351057025
"6848",1.98794198135545
"6852",2.54769756288426
"6856",5.73367680677584
"6860",4.57947881722173
"6866",4.16513069578797
"6870",4.1044434508711
"6878",0.867451199270776
"6880",5.15283531824779
"6885",5.69482670731925
"6897",3.92276322848404
"6902",3.35352396165008
"6904",4.0396936017392
"6907",4.06625575583465
"6909",0.639889500993325
"6914",2.04862633954893
"6915",5.85063349085493
"6922",1.29435354871249
"6924",2.31757332491312
"6933",3.72548105574256
"6934",4.68894033207053
"6941",3.71175372104032
"6957",2.85268577298154
"6960",2.69630850386068
"6969",1.59085251721988
"6975",2.58038976157244
"6980",1.50192696611274
"6983",1.73008945466551
"6987",2.22273409854088
"6994",2.20079591932871
"6997",4.77029054269236
"7002",3.00076361703712
"7010",2.33608835264155
"7015",2.97932393541052
"7019",2.95996588468804
"7022",4.89838242933575
"7025",2.50863107276543
"7029",3.49544073029104
"7031",2.50647529432866
"7037",2.47300381638013
"7038",3.76629851697788
"7043",1.62184049796022
"7049",3.07195987691069
"7052",3.08944936032506
"7053",4.18751390817979
"7056",2.9231801971678
"7057",4.20207339703862
"7080",1.54776885803022
"7086",1.57578746155991
"7087",3.61254679892861
"7105",3.55840588719814
"7108",2.30829053372354
"7121",1.46152822713632
"7122",2.30387595911311
"7125",1.50820639746516
"7132",2.98210942002661
"7134",3.63271157054183
"7151",2.45596880045427
"7152",3.22236379179947
"7157",2.68273786530922
"7159",1.2685436895812
"7166",0.601936554224868
"7167",1.04897117400707
"7177",2.94609693151189
"7179",1.83293164219909
"7181",0.483569449405175
"7183",5.65571698311971
"7186",3.56091434191475
"7193",5.46846913297151
"7205",2.92435142918125
"7207",1.05830137205137
"7209",4.01846185099363
"7216",1.05049310176172
"7232",2.31469818819655
"7235",1.83198025349764
"7238",2.67918176969963
"7240",2.41448038792408
"7243",0.749263055303914
"7252",2.49124699166263
"7269",2.39682247373928
"7275",3.82305974373815
"7281",2.49674295156805
"7283",1.56478104593866
"7287",6.5046777492546
"7289",6.51648742450753
"7291",4.0972248002665
"7294",0.536695708027988
"7304",5.32261425119296
"7308",4.31510056924323
"7313",2.96421396099196
"7319",0.947813931789921
"7325",1.53159023126209
"7326",2.73537074530974
"7330",5.13071397477763
"7332",4.35073158363913
"7337",1.21256973132522
"7341",0.831546564615345
"7346",3.20200114291152
"7353",1.56687130881407
"7354",4.21417524894212
"7361",1.20072367684177
"7366",0.867470074038946
"7368",5.2088161254513
"7372",4.10651492924561
"7375",2.9116584844051
"7377",6.50027223248571
"7380",0.743984140493976
"7382",4.14709824839032
"7385",2.80797251760904
"7392",2.69166164505606
"7395",4.39161982505713
"7397",3.23351770609075
"7403",3.21818697713208
"7406",3.29435837330971
"7409",0.9211149956327
"7410",3.74870256896459
"7412",4.41495509229138
"7419",3.19199347553492
"7425",2.90269695789928
"7435",7.41237360312891
"7438",3.73864693885229
"7440",4.69134424482759
"7447",2.92386436548516
"7449",2.26745775653872
"7456",3.43180215185558
"7464",3.73819203722809
"7478",2.51475176837443
"7480",2.97112106142764
"7481",5.18765107755905
"7483",3.81178884277634
"7484",1.89018895294453
"7491",4.09721491124208
"7494",2.27260731071525
"7501",2.48528384712581
"7503",3.9999779809544
"7509",2.1900061887866
"7517",0.542197127589004
"7518",6.12803520082601
"7519",2.02050197747934
"7521",5.47269356491631
"7522",2.38225878865946
"7536",3.63870076072446
"7539",1.49029044787517
"7547",6.39141666251471
"7549",2.75793659788659
"7552",2.91707313918211
"7554",1.61507635919774
"7556",3.72257626263477
"7564",3.8309263708777
"7566",1.13564938511184
"7570",4.11134350198239
"7571",3.01986761237561
"7572",3.44556621155411
"7575",2.18823098307017
"7586",4.53242310413864
"7589",5.12223042483498
"7590",2.90021792218242
"7597",3.72247143897858
"7602",4.56882283772318
"7604",4.34670867884201
"7605",2.71231749514535
"7612",2.6708742261033
"7615",3.77604019877913
"7617",3.10041197502999
"7624",3.63607434671068
"7632",4.01543702439752
"7639",4.62671776231618
"7642",3.116950453378
"7643",3.5696377363632
"7649",3.54358904662962
"7650",1.38942055259688
"7653",3.80915577964035
"7654",3.26359386883085
"7657",5.19026826255988
"7662",1.80713241823942
"7669",3.64285369073119
"7671",2.96398052367977
"7675",1.0421748793354
"7678",4.15453438485581
"7682",4.32023177062426
"7688",1.32801764204795
"7689",1.780290498423
"7690",5.10099516360429
"7692",2.65593830339825
"7699",1.04420227637239
"7705",2.86209041886647
"7712",3.22499679192832
"7726",4.58267817315565
"7728",1.77124898072549
"7735",4.47349328298345
"7737",2.41738083002384
"7739",3.61758153753404
"7743",0.707761611057307
"7744",5.42962852773091
"7746",2.47035525701085
"7749",1.28340659374085
"7750",4.23315849583185
"7752",3.86579439379251
"7755",5.0116230758941
"7756",3.74226436778094
"7762",4.09801569319418
"7764",0.575957271003244
"7769",2.43260360295663
"7770",2.43736858671874
"7776",5.0561327670843
"7778",5.2772400607456
"7784",2.49226153970832
"7786",2.85831847122605
"7789",2.89345731605402
"7793",4.54261472631104
"7794",1.52541637698823
"7804",2.98303273621721
"7811",4.63422729786358
"7813",2.67025669709364
"7815",2.05856012352481
"7817",0.946215820162355
"7818",3.75507664202674
"7821",5.93484319170984
"7825",3.27124917258282
"7830",5.05120221686549
"7832",3.66396214298114
"7835",1.50155378850191
"7839",6.47645697141091
"7842",5.0099007732247
"7849",4.00365913715004
"7856",2.58498917135678
"7857",2.54309641018942
"7863",4.83416517825598
"7866",4.20906945317916
"7871",2.99984438866343
"7875",2.4384922468201
"7882",2.36233429326474
"7887",1.9747988940565
"7888",3.4025897346952
"7891",2.02417555562213
"7895",4.8411561682757
"7901",4.0972539879557
"7906",2.30315010351433
"7908",0.808728909435898
"7917",2.01415653158643
"7924",2.92011239479825
"7948",3.85372943779605
"7950",5.75874104719745
"7955",2.3961193038014
"7957",1.2614432971155
"7959",2.51231717742406
"7967",4.7913560143479
"7969",2.7559536884522
"7971",4.49992548448582
"7974",3.03145944035063
"7976",2.78174894289697
"7986",5.75433814065328
"7987",1.23949625822375
"7993",4.16438976460252
"7996",3.72301194667861
"7998",3.06341065633619
"8018",3.28658985277544
"8019",2.47548964283152
"8027",1.4054881215
"8036",1.12364100815418
"8040",4.55435959709274
"8044",2.57501846414692
"8050",2.90190932929377
"8052",0.783841035882865
"8054",0.990294396066745
"8057",3.7357126101918
"8058",4.1374732122715
"8059",2.66258726567195
"8066",2.54196198891413
"8070",6.55320240434292
"8072",6.60258751731048
"8078",2.48766282368221
"8079",2.99459145518348
"8080",4.14312193279387
"8081",4.21699736311718
"8088",1.2235146515735
"8091",2.4774354978265
"8094",2.33238097756727
"8095",2.54009644027567
"8099",4.09307668755432
"8101",5.35185778909246
"8102",5.38565905563251
"8116",4.36822901230782
"8125",4.0742369952903
"8134",0.590071818303992
"8139",1.36427670109429
"8141",4.48256138379012
"8147",2.83929451935103
"8158",5.82621033558401
"8160",2.54355114963455
"8165",2.83762147335408
"8187",2.2835154456764
"8205",1.21649926818432
"8209",2.16436541485282
"8211",3.7172397239919
"8232",3.66439101375297
"8236",4.73499835336916
"8237",5.25673115101769
"8238",6.3552603424847
"8245",4.09980628702943
"8256",2.79408575499213
"8268",3.18271798414606
"8269",2.51005027126783
"8270",4.56118209843864
"8286",2.30782070891821
"8289",3.66336198121633
"8301",3.22854524921015
"8305",1.27572989716005
"8310",2.92157068334624
"8312",1.26063892041833
"8318",5.27206681725631
"8321",4.20279407659764
"8328",1.31371013919997
"8331",4.64497603230899
"8334",2.78294050357867
"8344",3.73366621994988
"8345",2.48514214397565
"8352",4.56687213444869
"8358",3.62166871542974
"8359",2.39033974451253
"8360",2.48764071685074
"8365",2.95839281907353
"8366",2.90214989961636
"8369",5.22025788192918
"8373",5.2152506177292
"8378",3.60431049915059
"8392",2.81564510208023
"8397",2.93761115003253
"8399",2.5118323671452
"8400",2.71152420455661
"8405",2.38574153974093
"8406",4.5838032430682
"8410",1.2063720767933
"8413",4.09800200259234
"8414",1.17168993102111
"8416",5.69405023713052
"8426",2.61224734261707
"8434",4.72312100751295
"8439",0.537173797589405
"8440",1.55534638397446
"8475",4.025130695058
"8480",5.34201437891633
"8497",2.1892710400392
"8499",0.706542511090274
"8500",2.89286685485553
"8501",2.98311877331942
"8502",2.76259601368085
"8518",5.71564244493896
"8520",3.78281462014555
"8523",4.63806572036547
"8525",1.17384248509995
"8532",2.6968824613036
"8535",2.65728268182289
"8543",1.42032850246761
"8554",0.9638138633659
"8560",4.51464829301779
"8561",3.53091014952741
"8563",1.18859371691023
"8566",1.10730347790302
"8570",3.68307148626233
"8572",3.24482424739944
"8582",2.40031702846205
"8583",1.87571728616408
"8587",1.05664478330479
"8592",2.29460923613379
"8593",0.738079395456421
"8607",1.15873403265269
"8609",4.62438444182494
"8610",3.7023574722068
"8614",3.76051296568376
"8616",4.57262293130645
"8622",3.58095926972769
"8623",3.7424636525351
"8624",1.50980028892773
"8633",5.68438059458528
"8641",6.80716479511419
"8644",5.74268803552798
"8649",4.51241628829917
"8653",2.85808399011248
"8657",7.0079480565496
"8658",2.6864025068103
"8663",3.5628520351266
"8672",2.3397504638692
"8680",1.45012765803083
"8684",2.69945484588642
"8687",1.05939043385124
"8688",3.77648705901273
"8690",3.62771499501538
"8712",0.859623516290242
"8717",2.74470630828582
"8730",5.07026455234172
"8739",3.66498476138095
"8744",4.49051040241454
"8747",5.38475180911073
"8748",4.16070662725392
"8751",2.791145419123
"8758",3.60833783879922
"8761",1.45390614505025
"8763",1.15190884979142
"8764",3.99548750468168
"8765",6.67304172148176
"8773",4.50092705516897
"8780",2.85530526556853
"8781",2.91244704251027
"8782",3.43946423873137
"8785",0.752434294173905
"8786",2.50739726493846
"8797",1.37737709898314
"8799",3.88346492061175
"8807",1.40644970993492
"8816",3.59739956905588
"8817",3.1450694612144
"8826",5.23655954152155
"8833",3.0792156611257
"8834",2.68086992160907
"8835",2.45278325741375
"8840",5.06488260533654
"8843",3.36230753280504
"8849",2.91313956902879
"8855",2.81939142624527
"8861",2.74652974835704
"8862",4.00768828932531
"8865",2.50978557307352
"8868",4.59326769716532
"8870",4.60945612807843
"8880",4.42285520394811
"8885",1.34202262174732
"8894",1.92340097242586
"8895",4.19591533774943
"8899",4.34113862648358
"8912",1.63183961212016
"8922",2.47863638463471
"8924",2.94164599923212
"8928",3.83809107213945
"8932",0.870871900519553
"8943",5.29445860334835
"8945",5.86792768213739
"8946",4.92714845573316
"8954",2.55397682201648
"8958",3.64482348014248
"8960",1.00192951940314
"8965",2.85436940643125
"8966",4.66456900592502
"8967",2.36672348754984
"8969",2.92345233989248
"8980",3.92049828649715
"8984",4.05271031724853
"8985",3.04000268914261
"8988",2.47490560220759
"8989",4.71316650947967
"8995",1.49951783210678
"9004",2.69852555772147
"9010",2.74406552063363
"9012",1.33764832486022
"9018",3.60571856719076
"9036",1.2643814500162
"9037",2.37509967381086
"9040",0.836424071857174
"9041",5.98156415433432
"9044",6.00004457379095
"9045",2.94189149888198
"9047",2.56538631881696
"9049",0.717032762333469
"9061",1.89438290269921
"9062",2.55921992051348
"9076",3.71135942674737
"9079",2.40270630288371
"9081",4.00883932498598
"9082",4.24834792297421
"9089",1.3381528570369
"9092",2.90263658936206
"9094",0.97296755456217
"9115",0.929897259932372
"9117",3.93536631182349
"9118",3.14024229578451
"9120",1.52668337265605
"9124",2.62918981225066
"9128",1.41321219717628
"9135",1.04607941194258
"9136",2.43560498199519
"9138",4.00272520492518
"9157",3.89916474286144
"9176",1.22510742161229
"9183",1.61581092459701
"9187",3.02285079674715
"9188",1.56038046131391
"9190",4.52285854201515
"9197",3.79741665607829
"9200",3.25410591141005
"9201",1.32726788761399
"9203",1.02820090461363
"9212",3.65991702864466
"9213",1.0522804138704
"9214",4.25918434201178
"9217",2.64382293669597
"9219",3.2277648178438
"9220",5.13435768468354
"9221",5.8933224651173
"9237",1.55953297886423
"9240",4.61871510128879
"9241",2.59935952641786
"9248",3.01643642116965
"9253",7.30420980599112
"9259",4.60699855041668
"9267",0.599271968840021
"9271",2.66224041957853
"9273",1.06304747866559
"9285",5.69860279651232
"9290",3.57440072412069
"9291",3.82698597090297
"9293",1.23799654234528
"9294",3.58902790810875
"9301",2.96399526935729
"9302",4.12752329071443
"9312",2.46256301862959
"9316",3.64381314542926
"9319",0.950545294449128
"9328",5.09286606623912
"9331",4.46541198745291
"9338",1.2068074676664
"9350",2.67799769586099
"9356",3.66151375105787
"9359",2.37847352247932
"9362",3.40794640662352
"9364",2.95302862577085
"9370",2.89012872020226
"9380",0.704429773690885
"9386",4.60103405823282
"9394",1.28168386669886
"9407",3.74898166123896
"9411",3.25487436197023
"9422",3.53734810434938
"9423",0.941287457850443
"9429",1.58791005772321
"9433",1.2611280950614
"9439",0.840892492242161
"9451",4.05786735377137
"9452",2.45036336240833
"9453",1.77938193241457
"9460",5.11977534596204
"9465",5.99090881541963
"9470",4.19840802115217
"9476",3.76122357068314
"9485",3.67034180077599
"9486",1.12950403062277
"9488",2.82437837226023
"9507",5.65102381967262
"9508",1.28841121486782
"9517",7.36940163405232
"9521",5.98374436353048
"9528",2.98428802777237
"9532",2.90692858766239
"9536",2.8369922921239
"9540",4.9584501291215
"9542",4.55495954964251
"9546",3.60153908628962
"9548",4.23537365605819
"9549",5.92941221503873
"9554",4.74706343366853
"9555",4.59536922983589
"9558",1.42087455692238
"9573",1.04216998633195
"9575",4.7836937133576
"9584",2.93176910199489
"9586",3.80494699315871
"9588",5.22273837128817
"9591",0.915044969412926
"9592",4.16043562900769
"9597",6.62567276953535
"9600",4.06607761600695
"9603",3.6140395623209
"9605",2.54574683622575
"9614",0.786417727505202
"9616",5.18183869692203
"9622",3.77349104703948
"9624",4.17685339867519
"9629",0.833202144155136
"9633",3.80425464719956
"9640",4.20181266356894
"9644",2.18584232096784
"9645",0.501759747947283
"9646",2.98569853993101
"9648",2.89643242157702
"9649",1.69275116880444
"9660",3.64056145500976
"9664",4.38402942810953
"9675",0.858207071300707
"9679",2.79241113025313
"9680",3.13191934621101
"9682",0.770658781952346
"9697",2.71982496825934
"9701",3.29145096153604
"9704",2.90786679998418
"9705",1.19940740517931
"9707",4.04151074488125
"9714",0.488284979902591
"9718",2.8329636338585
"9722",5.26694338018936
"9739",2.67997926534464
"9747",5.83352054683183
"9751",1.43657263577012
"9757",2.42030854887346
"9759",3.28857111434784
"9760",3.90104801543095
"9764",2.64853706789686
"9776",1.39426170079987
"9778",2.68185628076019
"9786",0.996504795252791
"9803",3.53131320699374
"9804",4.76985968879208
"9815",5.29866643966634
"9824",2.00809273289335
"9825",0.83673275414634
"9826",2.66724259497528
"9827",3.73278721516027
"9833",3.47084691886543
"9835",1.01833215613044
"9860",3.70513501717957
"9865",2.73165350308399
"9871",3.32776238561063
"9874",1.13500800869176
"9880",2.3443235043814
"9882",1.58421803291154
"9885",2.76127519983487
"9888",4.34979478521736
"9892",1.87789266938246
"9893",5.0893931075386
"9896",1.37502064093635
"9902",2.90911366238319
"9906",3.78092350568427
"9910",5.2200197671115
"9914",1.22944686700078
"9918",1.31787046499602
"9920",1.27719861180096
"9926",5.82826906571954
"9931",6.46009965518524
"9935",3.76940976918428
"9945",4.82571611847186
"9953",0.961206147876312
"9957",3.07854100712825
"9963",4.51296990382935
"9972",4.75855496243199
"9976",4.1822510747018
"9979",2.77282150258189
"9980",1.10768056616673
"9982",1.24882492740198
"9991",3.81566444834133
"10000",5.5815657765367
"10003",3.71172238017095
"10005",2.3803054250133
"10014",3.46487204533178
"10032",2.97227818645439
"10034",2.70814718594703
"10041",2.36966595001756
"10042",3.97562274723815
"10044",5.15955978923885
"10045",0.883085715914951
"10054",3.55964999205652
"10061",6.00321487766015
"10062",0.787771846355597
"10073",2.7686153745131
"10081",0.784722355299192
"10084",1.58698018123582
"10086",0.832998011221881
"10093",1.52053334751189
"10101",5.33100441530573
"10105",3.98599636878974
"10110",3.66166656257762
"10113",2.92450508138722
"10115",2.91458604349086
"10119",3.74629623848661
"10121",3.17075610225807
"10124",0.455833485423463
"10126",5.38480529039565
"10127",3.15237091893113
"10145",3.01534244660605
"10147",1.39550887264851
"10148",2.40622617370719
"10162",2.23115173695234
"10163",2.6329524839005
"10166",2.03238597184147
"10172",3.6038677762634
"10173",2.48429359234212
"10175",2.37654483359501
"10180",3.0451024065239
"10186",0.920448992471338
"10192",3.34237022184024
"10199",2.68913869545022
"10209",1.17305007357358
"10210",7.64301665015475
"10214",3.55487785758484
"10215",0.881683320854485
"10216",1.45898059903022
"10232",3.0189517649861
"10239",5.1306162759882
"10249",4.92392811198259
"10253",5.20862926285429
"10255",1.25339535386209
"10262",2.96010490993117
"10264",2.2102539465389
"10266",0.698812126355341
"10268",1.40149185730729
"10271",2.87482883061483
"10272",5.4737732377735
"10276",1.0002394593595
"10277",2.54258110537148
"10279",2.83311632531099
"10281",2.32514567516163
"10285",2.37339032558467
"10294",1.27897088297005
"10300",2.87173466293275
"10304",2.73497776081832
"10307",2.66204107518289
"10309",5.08720780800642
"10310",1.44306290108102
"10312",0.963968810387417
"10321",2.92477606144796
"10332",0.654705789042164
"10336",3.54849671822507
"10368",2.71227474324928
"10369",6.16569562763959
"10375",1.33958917846797
"10376",1.37182907824214
"10379",3.72137368214235
"10380",2.54661058935913
"10383",2.3493356817267
"10385",5.14953966408285
"10387",3.64755860923877
"10397",2.90328987034611
"10412",2.88455481165085
"10413",0.97145428603025
"10418",2.46654508769983
"10420",3.02950664241414
"10426",3.66725913553971
"10427",2.73740108952343
"10428",2.94177277058779
"10430",1.6003320763155
"10435",1.26791224570538
"10436",1.45939913362065
"10446",6.12313156663087
"10448",3.4009960727278
"10449",4.65616449802499
"10463",2.40738039021566
"10469",2.28946629423011
"10470",4.0847610614424
"10471",3.55746499062898
"10473",5.14553938600118
"10476",2.84373869464651
"10482",2.99374064755028
"10500",2.93712965058326
"10511",5.07794292896819
"10512",4.58028624547223
"10514",3.64356220184195
"10515",4.12848965424428
"10526",1.55722679410583
"10546",1.38963725986681
"10549",3.81049902705266
"10553",1.492743690272
"10558",2.38040880733706
"10575",0.752960267008639
"10581",2.90692782518598
"10583",3.57746423445111
"10584",1.57238858659794
"10585",0.735358559669158
"10610",0.954589604538866
"10611",1.52755854379624
"10616",5.23112323375143
"10618",2.99095272732089
"10628",1.45714248432114
"10632",1.57985444130151
"10642",3.67736899093089
"10648",3.09004791131415
"10649",3.45769423793786
"10650",2.99767713091891
"10654",2.07096262409483
"10656",5.22231777817757
"10661",5.09738691921261
"10663",0.67852314537251
"10672",3.01720255198864
"10678",5.36161064077848
"10685",4.07421273978442
"10690",5.18453005371633
"10702",3.68496586029684
"10706",2.97781984128298
"10708",2.3092045691284
"10716",2.99718202238942
"10717",4.68561689884718
"10720",5.21580031888362
"10729",1.0613251986397
"10730",5.35745714834928
"10745",0.922164152129405
"10753",2.37935235971291
"10754",2.19450223502972
"10762",2.36369518413315
"10766",1.5496128995581
"10776",1.29562936352947
"10783",2.88819180370678
"10789",2.90871532998361
"10790",5.93538187382612
"10797",0.777773191715833
"10807",2.93980644792222
"10810",1.03745050671557
"10817",2.80440731445331
"10820",2.45469260380634
"10822",3.77338689263694
"10828",4.56116942262272
"10829",2.39606771244597
"10830",2.39900938607438
"10831",5.95608800903951
"10841",6.40058536194261
"10847",3.03731170566969
"10856",0.984654465893547
"10860",0.987624114847488
"10861",5.21680179584979
"10863",2.74873378136397
"10875",2.20270577260475
"10884",4.13890459866067
"10895",1.58541529274457
"10897",2.7988678737228
"10898",2.68466293128995
"10903",0.842550964581422
"10908",0.832369232732788
"10924",2.39259101751131
"10926",2.2671264546133
"10927",2.71354790494143
"10928",2.76474056905333
"10933",1.10856348743259
"10939",5.82917510023512
"10942",4.54103712598916
"10945",2.92540335307425
"10949",3.74411016438484
"10950",2.85749763570512
"10958",6.26262521431932
"10963",3.60573732741851
"10967",3.03233983400194
"10971",1.15514946544741
"10972",1.67647712331083
"10974",3.7782235943019
"10976",4.50457758396948
"10980",2.49750782121813
"10991",2.3488438743804
"10995",4.08950796575611
"11014",5.15387051875876
"11017",4.65391376334222
"11019",4.70115358078778
"11022",1.02873213146328
"11030",4.13501034834814
"11031",2.88906778776119
"11041",1.44790572493581
"11042",3.77497001214614
"11044",4.10632409697324
"11047",4.63217420781081
"11048",2.83656625823922
"11049",2.76185713169926
"11052",2.95833428502668
"11058",1.0308142422163
"11069",3.13108300224547
"11070",2.98278223110119
"11073",5.23734888974489
"11074",1.38491089280956
"11078",1.50971402788885
"11079",0.791779708810142
"11085",1.63088474314724
"11088",3.72880593401063
"11106",1.1066930832423
"11110",5.67867746340652
"11114",3.62170341310032
"11118",2.38551399125589
"11129",4.71773947602131
"11130",3.62943901819291
"11131",3.7206408352372
"11133",2.4418744060365
"11138",3.37758548692663
"11143",4.0750586210146
"11146",4.38104210549499
"11153",3.73010275232446
"11162",2.99442667896789
"11170",7.12383814735395
"11171",0.955006226200741
"11201",3.0234197191277
"11216",5.10346706028376
"11219",2.78067617319753
"11222",4.87508651738021
"11234",1.55071001914281
"11238",3.82023548594924
"11244",3.0093795549186
"11246",1.50012344545375
"11248",0.246473184612675
"11250",1.51093242048182
"11256",4.30855211861594
"11259",2.44936501644228
"11263",1.38084433134798
"11264",2.73837291735785
"11270",1.7936461059992
"11274",1.012091968815
"11281",2.8782510959908
"11285",1.36319797567667
"11300",2.35284343881472
"11305",2.77841641543117
"11317",3.26698829064157
"11319",2.31697490877869
"11330",0.819472656820487
"11334",5.08971128766166
"11335",5.7289814771806
"11336",2.9571062992769
"11356",3.98866941270337
"11358",3.73566434837786
"11360",0.995557228054363
"11364",0.969587876245669
"11373",5.41819103520975
"11379",3.26156079458362
"11382",4.05369610590159
"11383",1.53270504392079
"11385",4.10731640354081
"11387",2.96220630961627
"11391",2.86012308530395
"11397",2.35703242194258
"11404",2.03539328720052
"11405",0.935441689423184
"11409",4.41932414196132
"11419",2.88223359954838
"11430",4.05733849518524
"11434",5.71747109707016
"11436",2.37957400981795
"11440",3.06606835781816
"11443",2.5968092789857
"11449",2.32215786663401
"11452",4.66173275253722
"11453",1.41633441812067
"11456",5.21828892153402
"11457",1.07989692189021
"11459",4.37312311768735
"11471",1.04877873591908
"11476",2.97489462925901
"11479",1.32176678405516
"11481",3.61583948710499
"11485",2.98698791125023
"11486",2.61965827218243
"11487",2.78151345356367
"11488",2.37584475512121
"11498",1.144397665343
"11506",2.57997124862885
"11511",5.28249325903246
"11515",1.35901515685557
"11518",1.25868312343577
"11521",2.48001802915142
"11523",2.6865367645271
"11524",0.906624511605503
"11525",3.5461503811569
"11528",1.65111833197448
"11530",2.35736521362215
"11531",2.86424268652066
"11533",2.7551239340249
"11535",3.57966131219601
"11537",3.64284934109234
"11538",2.37650040821002
"11541",1.43344598606667
"11548",3.74762422641753
"11552",2.50348179698105
"11558",1.16972035830423
"11560",1.29930865317003
"11566",1.33217845175865
"11572",1.45818126352499
"11573",4.15480829439653
"11582",4.10280975534535
"11586",2.60511324711151
"11590",4.03167554391388
"11591",2.41485268740391
"11601",3.64159103836531
"11611",3.58026462481288
"11617",1.37831235126287
"11619",4.79579158418986
"11624",3.55879236491045
"11626",5.82198242987982
"11644",2.58642006412017
"11652",1.38532721889518
"11656",1.1879772063152
"11658",2.56331015346225
"11659",5.00917648757414
"11663",2.84410101594983
"11665",3.78213650509126
"11683",4.07575407317568
"11685",1.51233747018978
"11691",2.65091433909296
"11694",3.63528564004919
"11698",0.824452225057908
"11700",3.72299209579396
"11703",2.25391700666077
"11705",2.33368758286479
"11710",3.10705962265807
"11711",2.75919512392419
"11714",1.33335544834276
"11731",4.53122313686921
"11732",1.45663331623532
"11742",2.71546949190818
"11744",3.51923329197225
"11745",2.69142202435998
"11749",1.18510255126238
"11756",2.77702958527646
"11761",1.44681350407199
"11762",4.13110501103665
"11766",4.330260987264
"11767",7.47092170995618
"11769",2.48415648280935
"11770",3.66130246420327
"11771",4.07100693102614
"11777",3.17285226980564
"11778",5.20580699870618
"11779",1.20775777787413
"11788",1.82075044395607
"11790",4.68684694441603
"11794",3.73442275141447
"11801",3.65928735310003
"11807",0.985321091152211
"11812",3.94782300050631
"11817",0.957493444259461
"11818",2.49748674513778
"11825",0.445247527926047
"11828",4.11011815274888
"11833",4.16735039948894
"11837",5.19907566404951
"11838",0.995601552793048
"11842",1.34490602237217
"11853",4.23076603721675
"11857",4.1665802518833
"11858",2.67397810023732
"11860",5.07938253388323
"11867",3.71767667096482
"11868",4.74947840524438
"11871",4.15250291319245
"11875",2.85243144338418
"11881",6.80806102408853
"11890",0.855771132129936
"11892",4.09256984511717
"11894",2.81587337257068
"11896",4.73845625336301
"11903",4.60724413470837
"11905",3.35349236526182
"11907",2.84483544962303
"11909",7.33922300756254
"11911",2.91903889973496
"11915",1.35202759563784
"11918",3.59763693248543
"11920",4.6071123367566
"11923",4.22385333466807
"11924",2.98788350692845
"11926",2.00224970077839
"11931",3.481224070926
"11933",4.25629888587654
"11940",4.59525175362558
"11951",3.12158841041876
"11953",2.51745574491316
"11973",1.28994612842688
"11984",1.67709799313522
"11985",1.74471743523691
"11991",2.54791024283615
"12002",2.71679985486056
"12006",2.93818785400813
"12008",4.32416565269715
"12013",1.72400804698373
"12015",3.34386070464102
"12016",4.24489923399775
"12023",1.09390232917366
"12029",1.47114858630311
"12036",0.927820016647879
"12038",3.32613634608941
"12041",0.98084098344443
"12049",4.44897546990038
"12050",0.442850612496071
"12054",3.08012761282269
"12060",2.98217643877692
"12062",5.37094751961686
"12065",2.47135906056288
"12079",1.26194033103349
"12083",6.00068766792701
"12090",4.75179526776618
"12091",4.55907181387087
"12094",3.98803432823173
"12099",3.62447134364663
"12101",2.41663958965177
"12110",2.95557351611642
"12116",6.54012165441122
"12122",3.24315850571343
"12127",7.31597534549402
"12133",3.67662029468562
"12142",0.685763249629482
"12147",4.24973837976671
"12156",2.45789724785056
"12157",5.18158260767618
"12158",5.47322478772525
"12161",4.14132862922228
"12163",4.01339188726422
"12166",2.62107620854566
"12170",1.45749218905209
"12174",5.24688240076624
"12183",1.07914482752211
"12188",1.70335296579367
"12189",4.1246664321194
"12192",3.55108044888796
"12201",2.84075985161248
"12204",1.27864981322883
"12207",1.29735677654805
"12208",2.45199978708358
"12209",3.60777027546317
"12210",7.35389406738162
"12217",2.86123243502155
"12227",1.21080281743826
"12231",3.33072966364359
"12232",3.64177024182941
"12239",5.14049500647884
"12240",2.42374794251389
"12251",3.01915915182849
"12256",4.68817529417963
"12261",1.10746846560674
"12263",2.28215187104713
"12266",1.432301924254
"12267",2.88937818213031
"12268",3.77882889733894
"12279",4.92952119567433
"12280",4.65607348606608
"12283",2.87802395160191
"12284",0.796637206114566
"12285",5.92443590578273
"12286",5.21108682084271
"12292",4.75348665176149
"12295",1.45914976869068
"12301",3.83299295608241
"12314",2.39078941337248
"12315",1.08192918558337
"12318",1.07832279988199
"12332",5.33562185335617
"12334",0.973692573316683
"12337",3.68656460233811
"12338",4.96246360358358
"12349",4.24520620135561
"12350",3.27948753826608
"12359",5.66793348506634
"12360",5.21618632224889
"12373",4.46563757814669
"12374",1.54175031501021
"12380",4.52338327321643
"12382",2.93046252641719
"12383",2.74384046853739
"12390",4.62025553501125
"12398",4.58374301364875
"12405",3.67947093427478
"12407",2.65588782909947
"12410",5.60557828165789
"12418",6.55332115496214
"12421",4.98416513526923
"12422",3.11087399561808
"12439",1.3778715516738
"12444",3.82505135810579
"12463",4.76731404335336
"12465",1.5619731412329
"12470",4.07601202090025
"12471",3.47899881153528
"12480",4.15830132798232
"12482",4.05526959939834
"12484",2.89298380374293
"12487",4.05366196106967
"12491",3.29323736485129
"12503",4.60125932119335
"12507",1.10374044130233
"12526",2.37430534379951
"12533",2.93722235670543
"12540",1.2064231969912
"12543",2.24592103214335
"12552",1.156467940585
"12555",6.29387359868444
"12556",3.97507811903628
"12570",3.99571517260633
"12579",3.54950829339366
"12588",2.42044134690042
"12600",1.06417936561053
"12615",5.48626851540338
"12624",3.76140307417155
"12629",1.63878124390382
"12634",2.8143737256342
"12638",1.14218403448802
"12646",2.75806906311211
"12650",0.977111059261396
"12665",2.64112598185565
"12674",2.92008137135188
"12676",0.834919567089511
"12678",2.71964560854896
"12685",2.68240648124124
"12690",3.24830159806527
"12698",4.02914630712495
"12702",4.56577821336647
"12704",2.84888789438785
"12705",2.53272799444611
"12710",3.48756865132802
"12715",5.1010261118626
"12720",3.7151500413399
"12734",1.99833218807408
"12744",3.58029747030092
"12747",1.06178023966164
"12757",5.54661101242215
"12758",1.98253194917618
"12766",1.5395187661449
"12782",2.89922796862068
"12787",1.03349032579114
"12799",2.43106184013422
"12804",4.68371137594021
"12809",2.81795243940675
"12813",3.0009274482891
"12816",2.99315801626068
"12821",3.83466395861515
"12826",2.24311388998374
"12831",3.87869184820476
"12832",3.13340872829561
"12833",2.82918893551635
"12835",3.70801826263567
"12842",1.75930069918848
"12844",3.39797839049975
"12847",1.36065382658651
"12852",2.85127416962755
"12856",3.74890294971205
"12857",2.9010647333445
"12858",5.79600287000667
"12861",2.81310957064783
"12869",3.70595651775247
"12876",2.54490093127381
"12877",1.58879496633085
"12879",3.40872708876403
"12882",4.32005616909655
"12883",3.81710332112917
"12887",2.53377398029729
"12889",3.56020930681435
"12891",5.13096045777778
"12894",3.26810886092625
"12895",1.00159577832338
"12899",2.17291841584912
"12905",7.36457315538661
"12913",1.28026645724959
"12916",1.13954167075228
"12917",2.83434355434496
"12925",3.28962412116276
"12934",5.35557823486923
"12939",5.06710804415444
"12943",0.945881849570817
"12950",5.26551840618722
"12961",1.3875471713602
"12963",2.713577558357
"12973",0.796711828068305
"12979",3.48629370545688
"12980",1.38591585811576
"12981",1.25357321818554
"12982",2.29238740972519
"12992",3.19353881120042
"12994",1.47290344848278
"12999",2.9094592479559
"13002",3.67626026738265
"13004",1.06980103027116
"13010",2.8799542834108
"13013",3.54894823338678
"13015",4.69117305404236
"13019",5.80731828890617
"13030",1.89207212251343
"13031",5.22532992656634
"13036",3.01028289338976
"13037",4.86967920427223
"13042",0.716080666301202
"13054",2.57534946380675
"13060",0.803354628148157
"13072",3.62421295185569
"13073",2.65037432565268
"13079",5.46949839823936
"13081",1.89335104493369
"13086",2.6201260576964
"13087",3.71744022228544
"13090",1.58716125031
"13098",2.82645216623986
"13100",2.86062720432742
"13105",0.990041079845017
"13106",2.92193886816017
"13107",3.66388238778166
"13113",7.22966137077829
"13115",4.19983735329043
"13117",1.14243725965172
"13118",2.87520791000694
"13121",1.78389607874706
"13137",2.01017436915829
"13146",1.42843703734106
"13150",5.18322115263138
"13151",4.62069747376494
"13152",2.83047555282085
"13156",3.2299289610201
"13165",5.43880023796941
"13169",4.61437627582697
"13178",3.64859011631007
"13180",3.1435826480754
"13183",4.09087383243562
"13184",0.928322136119073
"13188",3.18719617361239
"13191",3.65920496154651
"13196",1.28405213613344
"13203",3.71794348512534
"13206",2.39366713465543
"13211",4.79353925603382
"13219",0.986855617605854
"13223",6.48915153682855
"13226",3.68929842881995
"13228",2.59100811349648
"13230",4.66261859026156
"13240",4.45210374712174
"13249",5.1489422717478
"13250",1.47875677892953
"13256",3.75484537776531
"13261",1.04867638742342
"13263",3.02723847818166
"13268",4.53608237474086
"13275",0.68845982226149
"13277",5.20365724160646
"13283",3.84123763167669
"13284",1.47911960151931
"13285",2.42550029121441
"13286",3.9782907208216
"13287",1.45670573052461
"13290",2.87131724293319
"13291",0.990883750977104
"13294",5.53822593631677
"13295",2.81786856091866
"13303",2.86437341838734
"13306",1.61126481007437
"13311",4.73549799212531
"13322",0.680557119546828
"13331",0.646963288480181
"13337",5.0661882611395
"13344",1.70121032088573
"13362",4.82245115642229
"13364",2.32976311724901
"13366",0.930518751793989
"13368",2.93205427335857
"13370",2.41557734178319
"13377",5.16635750572834
"13378",2.53314574638771
"13388",0.81502857650526
"13392",4.59808884681792
"13398",4.70540105256987
"13403",4.66896789144666
"13404",4.53382406221147
"13409",3.6683583891115
"13416",0.51268489634706
"13422",0.710053514603389
"13427",3.60491979143188
"13433",5.38409880493619
"13438",2.93611102998515
"13441",5.22322139346577
"13449",5.20586656360163
"13450",2.89085990385699
"13453",2.43592613974919
"13460",3.29949964226211
"13461",4.56233971193314
"13465",3.66825467684923
"13468",1.02460194046214
"13481",3.53274727093787
"13485",2.25958405865271
"13487",5.26172285546897
"13490",3.63265692344512
"13493",2.73151492654407
"13497",2.47762238994926
"13508",0.916333870422584
"13516",0.912388797624949
"13525",3.80364978610172
"13533",4.2948442624864
"13535",1.17922795326885
"13538",3.70993130344972
"13545",3.53625730060737
"13566",3.18952108474295
"13581",2.51603491739988
"13584",1.18768641675106
"13588",2.40335549000832
"13596",2.40497003469443
"13600",6.39395839224168
"13604",3.61835505997764
"13608",2.90000122612517
"13611",2.68738086340206
"13612",1.02945318057987
"13615",3.5699464543926
"13616",3.75185476074239
"13618",3.82651141406945
"13625",1.38269247341839
"13628",3.12325836495956
"13629",0.766643088513329
"13630",5.39022951292678
"13633",3.71173846112106
"13637",3.70307490881868
"13640",1.38760892214729
"13641",1.9699342731821
"13651",4.55489237042563
"13674",3.53145660493277
"13684",3.65366053241488
"13690",2.06762735630335
"13707",3.63397023958817
"13709",5.20556955741201
"13710",3.388629441822
"13713",6.00422607263726
"13724",0.711025492233568
"13725",0.487629430628183
"13731",2.24679890747185
"13736",2.3775929276318
"13740",1.09225807921111
"13745",6.50368867777686
"13748",1.59819140498183
"13751",0.9623284049518
"13758",1.41683642218069
"13762",1.11898367374954
"13764",4.39596686764662
"13765",1.34742654035224
"13769",2.22361200089993
"13770",2.38936596072632
"13774",4.80481048016138
"13787",2.75678143249963
"13791",2.36895878926876
"13802",2.08978916225302
"13807",2.67784011288398
"13808",1.98534418461574
"13809",1.28219137996532
"13810",3.67746236780871
"13822",4.90203898249119
"13823",2.94842896275841
"13825",3.70402641240402
"13826",0.887693717967115
"13833",3.63988791314853
"13837",2.94185102081856
"13842",3.63448649146778
"13846",3.78330825775892
"13852",5.19023234118841
"13853",1.58489218610651
"13858",1.51929863997296
"13860",1.16980437103759
"13866",1.24749213552106
"13886",1.04438595964623
"13887",1.10484676053745
"13890",2.71900777780117
"13891",3.06739821620211
"13893",2.36895301688657
"13902",6.56439320470043
"13903",1.72387323005441
"13908",4.53940903940511
"13912",1.96584712996585
"13924",0.735622106283673
"13928",2.70220009857956
"13929",3.37145861469022
"13938",4.58524896019967
"13939",2.34073777391758
"13941",5.21602044115151
"13951",3.09807159528186
"13962",1.42364604855013
"13964",2.31276851770612
"13967",2.96825497005187
"13971",3.42811957055115
"13972",3.96664952647142
"13975",0.576021449153431
"13977",2.7982188179024
"13979",4.11693843592029
"13983",1.34367925097207
"13984",3.84429338802916
"13987",0.959972821525968
"13994",4.36277030679415
"13999",2.76635856319869
"14003",6.02914070248703
"14008",4.65932098248228
"14011",5.64638685433714
"14012",3.0815072875452
"14016",2.82730018866823
"14017",2.73691120278346
"14020",0.962357852955127
"14027",0.9257515198241
"14038",3.64601478890982
"14040",5.1809563314666
"14042",2.31951121621743
"14055",0.625446959562087
"14057",4.8785819227829
"14060",0.633503388506484
"14081",1.507590162368
"14091",3.57725098893858
"14111",2.98036736234102
"14117",5.21541422282332
"14121",3.59666081463169
"14122",5.16172340715816
"14125",1.41331640679975
"14129",1.28447690356504
"14135",1.11483339201672
"14148",0.623855322887177
"14157",3.62854552166595
"14161",1.18089378016475
"14163",1.77449214371256
"14172",3.33094479064433
"14180",0.811499976369104
"14182",4.59633666692476
"14188",1.41342195507691
"14191",2.90241920573964
"14201",7.07320788562831
"14202",3.76201206696876
"14213",3.72991241036102
"14220",1.28848034716562
"14224",2.32085830156655
"14231",1.65494579445328
"14241",5.12752285791247
"14243",4.10420864411359
"14245",2.57534810094115
"14247",2.03212893581141
"14248",2.71845725469988
"14252",2.98028072860842
"14254",4.15054763677786
"14260",3.18686358408489
"14269",4.53006176173077
"14272",0.95896327863923
"14274",3.76991303938064
"14279",2.94350305895782
"14280",5.19530275398199
"14290",3.06102582140832
"14298",7.40856828197157
"14308",4.30873742146351
"14313",4.00945574852356
"14316",3.72568061935702
"14319",5.59172318353705
"14322",0.585057121590162
"14323",3.22278092680576
"14325",6.62869229445272
"14337",3.90060042879237
"14339",3.96371439595412
"14341",3.10855331185904
"14342",5.31474850552723
"14346",5.78255962823767
"14351",3.80950807084405
"14354",1.21758061522356
"14355",1.046545134819
"14358",6.53917976043216
"14359",1.3666480771087
"14364",3.84494659702045
"14374",1.35019545210571
"14376",2.39750128919891
"14382",2.81150161848482
"14384",3.15343335925221
"14393",1.55695597767
"14398",2.92199145660712
"14403",4.08677578178906
"14406",1.56657954505774
"14408",3.87573835528581
"14411",1.07016011834151
"14414",3.91177213718019
"14418",2.41721028870282
"14423",3.84842757176066
"14442",3.9601631001835
"14443",3.75065373580378
"14444",2.88650752204121
"14446",3.20790318092641
"14455",2.692201789683
"14456",4.28307190705266
"14458",3.72233243478867
"14464",4.12102803481927
"14466",5.11110141359564
"14467",2.50426441731021
"14469",3.23811172118881
"14483",0.709464992605142
"14484",2.81696910788958
"14490",2.5518876698103
"14491",2.30759053818376
"14494",3.09514532645963
"14496",3.75256384926406
"14503",1.25318201280475
"14504",2.80388423230391
"14505",2.83248056049366
"14506",1.28110038771206
"14507",1.15451805134265
"14512",1.30678201033248
"14520",4.66819908118726
"14527",2.07566699331726
"14531",5.55995934287832
"14532",0.771817673080981
"14535",2.16160977917897
"14543",0.896892210859934
"14554",3.68277017609312
"14556",6.4897473448955
"14557",3.7331328562607
"14561",2.41461552586723
"14562",3.26833705900747
"14567",1.34797811953105
"14568",1.46393212087231
"14574",3.17464173445272
"14575",2.60584656552055
"14579",3.2644908289986
"14581",3.60590221150869
"14582",2.01066354538508
"14586",1.28134326011658
"14591",2.61247546308921
"14598",2.87455937176885
"14599",1.91055625776165
"14600",1.35609181591534
"14612",4.44475300293396
"14613",1.58693698746381
"14624",5.39110828217498
"14626",2.96222826286201
"14630",4.17615300990914
"14633",2.91029040993059
"14639",2.76498578662246
"14642",3.64429138404258
"14643",4.44820061840381
"14649",2.79831349835453
"14650",1.33461996157898
"14653",2.62074646781157
"14655",2.36571730349747
"14656",2.33540187538946
"14662",3.70517212123558
"14663",0.902904052228267
"14673",2.62850920054629
"14674",2.38032610500596
"14676",3.58669076287868
"14682",1.16700013656733
"14685",4.64597507431005
"14689",2.70380604203329
"14693",2.5589472468967
"14697",2.90935460100428
"14700",3.15660464697212
"14704",0.657462738593788
"14710",3.10577545495955
"14719",3.534892589785
"14724",4.4203606368051
"14728",4.07410186739781
"14735",3.66208878303774
"14736",2.44677206154172
"14741",1.23700170782094
"14744",2.8154314287007
"14753",0.857259803895286
"14756",4.04667509139957
"14762",4.93366252785628
"14765",4.55066138314767
"14783",4.81200449626002
"14784",2.52626062017142
"14786",1.09966826008279
"14790",2.32467151902682
"14793",2.90107522228418
"14796",5.69538530837601
"14801",0.903529574081877
"14807",1.08138434602273
"14812",3.80137670349122
"14815",5.16931797299948
"14831",4.15247685878925
"14833",5.63323905582162
"14836",5.67220818832421
"14856",3.9417291960695
"14859",2.59447291766904
"14861",2.95752349644902
"14863",1.23040565306854
"14865",1.32382580128751
"14880",1.80311365144755
"14881",3.67351411946132
"14883",1.28456156733902
"14884",4.84918131772897
"14894",3.63754506126511
"14896",4.009795658995
"14899",3.02960293426015
"14900",2.94168399920119
"14901",1.47909465829582
"14906",3.48965438606662
"14907",1.46339063402921
"14915",4.85828960357124
"14919",2.27837024587811
"14926",5.82317553685145
"14927",2.4795738792729
"14933",2.87235147452297
"14937",2.86045617534744
"14939",2.86403913960722
"14940",1.13283500691128
"14943",1.31711990593156
"14953",3.66982587657362
"14954",2.4248566895185
"14969",3.61044176560852
"14999",7.23699630591931
"15008",3.75783813777684
"15009",3.63812094392932
"15018",4.69260365515197
"15023",3.71687260011317
"15025",1.61100206859399
"15034",3.67470176935403
"15036",4.17895068850954
"15051",1.41882282220949
"15052",2.90609278493801
"15064",3.63761998657029
"15070",3.6300508945256
"15074",4.29221389083044
"15077",4.5221454172983
"15081",3.6074901708908
"15086",5.57622247779391
"15093",1.10633456908869
"15094",0.280049684771516
"15103",2.42837641885198
"15104",1.24514191386472
"15110",1.41410040963621
"15112",2.16755653135898
"15115",5.6587157160273
"15131",1.12551476731735
"15139",2.51758630229954
"15141",3.69585662049822
"15148",1.60412348048992
"15154",5.69205159424431
"15156",2.99083771588674
"15161",2.73709929855467
"15167",2.79689884027765
"15178",4.09631111376145
"15205",4.18912061484575
"15207",0.786181961927066
"15222",3.5798778610407
"15223",4.20209497988247
"15225",3.97126452971896
"15228",4.44641102546943
"15239",2.25188318020349
"15241",1.11396626076323
"15246",1.12861399617149
"15247",1.31749349054291
"15249",3.02616524797386
"15255",3.26978137281067
"15257",1.88068344835753
"15267",1.50755207121215
"15277",2.83950002758732
"15280",5.09504199104536
"15289",4.63641503108723
"15297",0.977875078201661
"15302",1.16667800095208
"15304",1.43204111791987
"15312",1.31049632199999
"15321",1.3856643975913
"15325",1.14533163591678
"15326",4.49445977122719
"15333",4.86776253552547
"15337",0.996145380759898
"15338",3.28472568226873
"15340",5.57347477039087
"15342",2.354321433937
"15344",2.82499788385964
"15347",1.07026271299309
"15349",5.21811418191207
"15355",2.93900782966954
"15359",1.34487186623794
"15366",1.29100381607625
"15367",1.30075187755793
"15368",1.15626316005825
"15369",4.52880515376738
"15380",3.47799056633616
"15381",2.9280253630414
"15387",0.82621296477566
"15388",2.69287478282239
"15389",0.38892920247298
"15392",1.56197550822626
"15400",2.71814567805848
"15405",2.54574596593286
"15407",3.61952802566153
"15408",6.85927325178936
"15411",3.21486311258985
"15413",3.99028175082543
"15418",4.57189304466215
"15419",5.21909629879167
"15421",2.53807295777491
"15425",2.64918662667531
"15436",3.61244243387807
"15438",4.15265851447445
"15440",3.96966774073357
"15443",3.58817674780649
"15460",2.43694384415933
"15464",1.44611013135301
"15465",2.94331498459501
"15473",1.37620928431019
"15475",2.27084336887505
"15483",1.23787911210609
"15494",4.48898843160471
"15495",7.17131563167099
"15498",3.17130197646543
"15499",2.99690724755769
"15500",0.607377204906957
"15501",1.10020321565581
"15510",2.40111866742493
"15512",2.4768005722763
"15516",2.39518734675605
"15518",5.32656522346894
"15519",3.71447584103408
"15524",2.92684006800715
"15527",1.44436779152529
"15529",1.75605711952299
"15530",0.727068180056354
"15538",0.952290131389182
"15539",2.73327595919734
"15541",0.550328455349538
"15546",1.69053724357144
"15547",2.8298111345496
"15548",1.18420801265481
"15552",2.33553637840976
"15556",4.9942303625138
"15567",2.88036631905793
"15572",2.55533402055202
"15573",5.11224476838582
"15574",3.5558451440288
"15577",1.14386033422539
"15579",3.6044812901574
"15581",2.401257875971
"15589",1.82128203499217
"15596",2.83580418918787
"15598",5.11045199022777
"15599",4.1019172571833
"15605",6.59569429861968
"15606",4.25972271605014
"15608",3.84549232056066
"15616",4.2893738343696
"15618",1.01555882080343
"15621",1.21323123385832
"15626",0.990252874300134
"15638",2.86712977375098
"15639",1.91100033363536
"15642",1.96318038400544
"15644",2.95488137356986
"15646",6.26788632902095
"15649",4.53211104888154
"15656",1.52483765767406
"15659",1.16403241810303
"15680",1.45598747684344
"15686",4.05878693859423
"15693",1.02553093442271
"15697",5.06029913624515
"15699",4.86946396613784
"15701",4.62041797600794
"15705",1.22922339858328
"15714",2.43573538290996
"15722",4.03715656501827
"15728",3.48493011265749
"15734",2.99772027026127
"15752",2.3739407007346
"15756",3.5864983560539
"15760",3.73768949275506
"15762",4.14985243849119
"15767",3.35560894237829
"15768",1.06774684519796
"15773",5.16529762339801
"15774",3.67403014708347
"15781",3.59420247695701
"15782",2.92040573375035
"15784",7.91736014115413
"15791",1.95238405067271
"15796",4.51047757647757
"15798",5.19705061328732
"15806",1.11651109300029
"15814",0.804358871335872
"15819",2.70835954942805
"15825",3.59873389532479
"15826",4.46164087663874
"15831",4.07485724692797
"15835",5.7873820140096
"15836",1.62185796028686
"15839",4.57727134303088
"15845",3.00115124328606
"15858",0.80649260017417
"15859",3.52579853387157
"15876",4.60139433008302
"15878",4.03809441810767
"15880",1.16967772736965
"15886",4.18774717839993
"15888",2.74358022755317
"15891",3.04967546624844
"15900",2.07305137411872
"15902",4.05413401132504
"15904",2.74702655273262
"15908",2.2779925416694
"15910",1.00072137719424
"15917",3.6894365647164
"15919",4.97166893008759
"15924",2.72102766949481
"15927",2.66133925505553
"15937",1.22908026632983
"15946",2.92503268879409
"15949",2.93146449644487
"15957",5.05492800486931
"15961",4.41251750711553
"15964",2.44110985484702
"15965",3.14658436262236
"15966",0.687828259193716
"15978",1.44398102934355
"15983",0.724227460033574
"15987",2.56803012288213
"15988",2.46972807801963
"15998",2.56811244465354
"16004",3.16508740391793
"16008",3.11395296530674
"16011",0.919953449988999
"16023",2.70347636607541
"16024",2.38905238757196
"16025",2.7245985480828
"16048",5.80733800003273
"16050",2.62945956415677
"16051",1.89464305315469
"16057",0.680869924447986
"16059",5.40948862713812
"16060",3.46163375513838
"16075",3.98885479857205
"16094",6.70994968229179
"16096",5.08058944183427
"16116",1.36856159380809
"16118",1.28055890951789
"16121",2.294595528974
"16122",3.52421564572228
"16124",6.05076295179475
"16125",3.5887060844562
"16126",2.85532019403071
"16130",4.11515129826844
