"INDEX","P_TARGET_BONUS"
"3",1.1136378682123
"9",3.31195914729384
"10",2.60262249626775
"18",2.49188143960561
"21",0
"30",5.84796572624517
"31",3.85137476470453
"37",0
"39",0
"47",0
"60",2.82156123545288
"62",0
"63",3.55210551961803
"64",0
"68",1.07628111631229
"75",3.04904590275257
"76",2.70406813829539
"83",0
"87",3.48457212523076
"92",5.31607508172321
"98",2.59088777973781
"106",0
"107",0
"113",2.44899754338188
"120",3.57042657930456
"123",5.15227539240438
"125",3.06090634747777
"126",5.96662569690814
"128",5.27050248266205
"129",2.38993423438008
"131",4.41015733710119
"135",0
"141",4.52326037758782
"147",3.15746418275335
"148",1.07839061386009
"151",3.46627411144393
"156",3.20674781652606
"157",3.88465124126418
"174",0
"186",0
"193",2.41450504600751
"195",0
"212",0
"213",0
"217",2.81477782916449
"223",3.59592351117268
"226",2.98769369816723
"228",4.11451519605887
"230",4.13673820121947
"241",2.8060110177638
"243",3.4255667185954
"249",0
"281",4.54074461755057
"288",0
"294",2.12762017507227
"295",2.12482091026278
"300",4.86449912045826
"302",3.92491387648558
"303",1.30698422544434
"308",1.09158470588817
"319",4.2208283968042
"320",0
"324",2.8526406343627
"331",2.60111152445103
"343",2.96193005406888
"347",2.47338549053652
"348",3.58637884473964
"350",4.52831906392669
"357",0.907132826029204
"358",3.20355900481612
"360",4.09416367076329
"366",3.59427953571156
"367",2.51729465666273
"368",4.81597376249836
"376",2.44931247347828
"380",2.97475400373737
"388",0.83032612792732
"396",3.91342338456487
"398",5.59198553268412
"403",4.27988486577913
"410",3.01928643426373
"412",0
"420",2.50975721307363
"434",2.49906506975009
"440",2.77835357971658
"450",3.34447544083264
"453",2.73641308059125
"464",5.38406567476301
"465",4.30494247400525
"466",4.95585191313696
"473",2.26252450833102
"476",0
"478",0
"479",3.47810177823955
"493",2.52985583757849
"497",3.42479816091218
"503",3.57392550454599
"504",3.16650331984566
"505",2.6294993051149
"507",0
"513",2.63688714998083
"519",2.37357345354324
"521",3.44199178880766
"522",3.67979276698868
"545",2.72757297632572
"549",0
"551",0
"556",6.31464923128024
"557",6.6684575259099
"559",1.00176340324396
"560",2.43749691084815
"566",3.29552860442392
"569",4.01313483444006
"573",2.5410101034795
"578",0
"579",5.34059150533005
"582",4.67419826486397
"596",4.5670916154205
"598",2.4352852752208
"599",1.15301677299195
"602",3.1031108120111
"605",0
"617",2.42384620813492
"619",5.96058828306751
"630",3.50340403901735
"634",3.85814659919171
"643",2.4050474697854
"645",0
"647",4.10404751312065
"649",3.22178057558069
"656",3.54622070528032
"657",5.34962603355115
"658",2.88923107109734
"667",3.87200229188869
"692",3.03108719867256
"693",4.19225513128999
"698",0
"699",3.53856423238353
"700",6.81706719204819
"704",3.08104256123276
"707",3.39866724046247
"708",4.3193097252162
"709",2.93039591034169
"713",0
"714",2.79298616566979
"716",2.41866170832554
"718",3.44839286796791
"722",3.76413227119839
"729",5.71153494059081
"731",2.85144793306613
"733",3.4590166339812
"746",2.88779892649185
"747",3.48076002756256
"748",0
"753",0
"757",1.00989536611794
"763",3.14909462619994
"767",4.70391385251131
"774",2.764233639736
"776",0
"788",0
"794",3.42081360685967
"799",1.30324777943662
"803",4.05371659266296
"806",4.08910699753525
"807",3.43203717967795
"811",4.39746036575934
"816",5.77988836850198
"818",3.49453350072729
"819",0
"831",4.98395844730846
"835",4.9652772821592
"837",0
"841",0
"846",1.0644277854673
"856",5.96592939455856
"861",3.88105747511912
"862",0
"863",2.98858717178386
"865",3.67302056645011
"871",2.43518100144707
"879",0
"880",2.5507485768956
"881",3.23818625528977
"885",3.74203169855475
"887",2.97968244869962
"892",0
"898",3.44955193692882
"900",0.903961121536718
"904",0
"906",5.31903430018343
"910",3.96420740766297
"912",4.00555410724262
"913",2.55013224233421
"919",5.44355445201405
"924",0
"925",2.85716338428466
"930",3.05251159325468
"940",2.06872500813424
"941",3.50644068946285
"946",0
"949",4.86049957217815
"951",0.997195576762999
"962",3.61268437246002
"966",2.54136876569824
"967",5.47051171117389
"971",0
"981",3.50623131530932
"982",3.18075048531223
"983",0
"984",0
"989",2.40598369486932
"990",4.08831871416111
"992",2.98127631595886
"995",5.16180736417026
"996",0
"998",0
"1001",4.80862280950399
"1007",0
"1008",2.33223388823382
"1016",2.39840772014309
"1022",2.61369707605481
"1027",4.96235695864054
"1032",0
"1033",3.07609850900287
"1041",4.50126843211795
"1065",0
"1074",1.30626466492116
"1075",0
"1081",0
"1094",4.28275963211014
"1099",2.99256042772366
"1105",3.06023305669614
"1123",0
"1135",0
"1142",2.32232844885604
"1155",2.34810307755443
"1169",2.9829477962718
"1176",3.33904988750822
"1178",3.90138006552952
"1180",3.28971530775617
"1184",0
"1185",1.04649745655284
"1193",0
"1196",0
"1199",1.03626783626899
"1203",2.7063069352515
"1205",2.48583730286104
"1207",2.34122793144234
"1208",0
"1212",0.876553035174924
"1213",0
"1222",1.08424578319949
"1223",0
"1226",4.24085481955365
"1227",5.45515331645197
"1229",1.05585045262342
"1230",4.40518200086766
"1231",2.78936686397564
"1241",0
"1243",4.25774090481173
"1244",6.21700695832971
"1246",4.54547690925256
"1248",2.62887324808432
"1249",3.60409817636617
"1252",3.57704786344683
"1261",3.51584605468743
"1275",3.5786468453556
"1281",1.31876323285715
"1285",4.19832883694455
"1288",0
"1290",3.53607659913081
"1291",0
"1304",3.96609272707856
"1305",3.13683004415802
"1323",4.10706065231529
"1342",0
"1348",2.39420768963452
"1353",3.68172014125845
"1363",3.08846650357987
"1371",3.32940519711706
"1372",0
"1378",0
"1381",4.19622340268728
"1382",4.38930024153184
"1393",3.98573642757432
"1394",5.22465342414369
"1398",5.47482264401458
"1404",3.32830033192176
"1405",3.37452084197415
"1419",1.27066244556865
"1421",2.59254365079445
"1426",0
"1431",0
"1435",2.91730570056312
"1437",0
"1438",0
"1442",0.839631874657347
"1464",1.10402618603939
"1471",3.32204131500564
"1473",3.96963221671816
"1476",2.81345131596874
"1478",2.57724691174924
"1479",3.63669771147532
"1487",5.66398759966744
"1492",4.31642827324544
"1496",3.10575682154934
"1497",0
"1515",2.95640066420654
"1519",0
"1522",3.02790311243143
"1526",3.36317725619971
"1537",3.06610849813254
"1538",4.43807616377433
"1540",2.36779811817795
"1543",3.62144511235636
"1548",1.06632447472327
"1549",0
"1556",2.79170534484393
"1564",1.32447673241754
"1570",3.48375987070556
"1577",2.34963801286671
"1585",4.28684843961995
"1590",3.86355900309667
"1592",0
"1594",0
"1596",7.18188367246651
"1598",5.0790455078017
"1603",1.2730497673425
"1607",0
"1612",6.11930212089619
"1627",4.22060239401823
"1629",3.51298505088728
"1630",3.12668686574604
"1640",5.65893524617263
"1641",4.3565064380209
"1646",3.47716994018806
"1662",0
"1668",0
"1671",0
"1672",4.51373024053215
"1673",6.11997203235541
"1686",3.78592640310561
"1688",3.95578890877623
"1696",3.68986047315043
"1701",5.02186253327811
"1707",3.68169487801911
"1708",3.44500766907467
"1713",3.15461940112531
"1715",3.82768056802799
"1717",2.87797979593009
"1721",3.10715980165741
"1724",2.87407223720437
"1725",2.881679700774
"1730",3.52598492257312
"1731",3.94635881162051
"1734",4.09610330410894
"1740",3.15806466625976
"1748",2.79677731303762
"1749",4.20658604961114
"1750",5.91266133389491
"1763",3.04719303714197
"1768",4.37545257471957
"1773",2.71886516270286
"1777",0
"1778",0
"1780",3.22628205266767
"1782",0
"1784",4.12682688201062
"1786",3.61183486220692
"1787",3.85530419499253
"1792",0
"1800",2.51641250112036
"1801",3.06333055184993
"1803",2.87037463037072
"1804",3.75064754654012
"1807",2.5705611417518
"1818",5.84905552722079
"1821",3.29794507605466
"1822",4.7434628701231
"1828",3.00852931007013
"1833",3.30150031636456
"1844",3.75281317111311
"1847",2.83911863634341
"1850",2.53971954523795
"1854",3.66727706980635
"1858",4.66207276325278
"1864",3.83227445002756
"1867",2.7177516950962
"1876",2.92906249239873
"1880",1.24168674632787
"1881",2.19007026075131
"1891",3.28057942450882
"1894",3.3952205912658
"1895",3.80579131450059
"1901",0
"1905",3.66769260789527
"1912",5.96840863875283
"1918",3.00348980256477
"1921",3.65247492280794
"1923",2.97930868684779
"1924",0
"1931",2.36225934480619
"1941",4.37832722552675
"1950",0.954628535660498
"1951",4.62022923188048
"1954",4.08903073694051
"1961",3.50680060702458
"1966",3.72778739723714
"1979",3.8780306119006
"1982",0
"1987",2.91474707457947
"1997",3.0005593912029
"2004",4.22408851716851
"2011",4.99658348428975
"2015",3.32920658507667
"2025",7.40202101265541
"2033",0
"2034",4.32929905891309
"2035",0
"2036",0.969032533009658
"2053",2.62990150331349
"2059",3.57070042987333
"2060",1.10692486942262
"2073",3.02112304399626
"2084",2.92313901791822
"2089",3.70581267705248
"2092",0
"2109",5.37646479949316
"2129",4.88765560087449
"2134",5.42260776253953
"2135",4.43381628861924
"2148",3.50239102450794
"2149",0
"2150",2.44619301276359
"2165",2.90125168192119
"2166",2.90822374671986
"2168",5.02434329340263
"2170",0.906624371836323
"2171",2.37459702506721
"2172",3.31370907710909
"2176",5.07950181784694
"2182",2.92019847141919
"2189",2.38188768418691
"2191",4.14377565305988
"2197",2.88048285664088
"2202",0
"2203",3.52656913187726
"2204",1.02765004704204
"2206",3.89001994038772
"2218",2.79330233864675
"2219",3.18121574796545
"2221",0
"2226",0
"2228",2.99209556567423
"2232",3.43674100708581
"2236",0
"2241",2.61790052839327
"2245",5.44897891896901
"2251",3.92268674011421
"2255",5.35550942102724
"2256",3.4671818533861
"2259",0
"2263",3.44718996053093
"2264",3.7014966687789
"2267",0
"2273",2.31071925136208
"2277",4.04333336967599
"2287",4.51176206504845
"2289",3.08913546133998
"2291",1.08678652646884
"2296",2.33837820702862
"2299",1.0722782661123
"2306",3.05664325759892
"2314",0
"2317",2.41481124265946
"2318",4.11781198155261
"2321",4.21050740739539
"2324",3.86287663537466
"2340",2.94032250351078
"2343",2.65749295288021
"2349",1.11535545473922
"2352",5.12241667615339
"2353",0
"2365",3.1853377972233
"2370",0
"2378",3.01546204763747
"2390",0
"2399",0
"2402",0
"2403",0
"2404",0
"2414",5.03793065192077
"2422",3.41513920932127
"2424",0
"2430",3.73873457155134
"2435",2.98423040687309
"2439",0
"2442",4.29719662134584
"2445",3.46255658713737
"2449",0
"2451",0
"2461",3.32620019720532
"2464",3.7391652927487
"2465",3.58606123961704
"2472",3.14154680703269
"2476",2.42927438716118
"2482",3.05372162303117
"2487",4.96764027241127
"2498",3.90518727928368
"2501",3.50307171013552
"2504",2.66900992372027
"2511",0
"2518",4.65897620335332
"2521",5.3480229227397
"2530",2.9092300557531
"2543",4.17177804759377
"2545",3.98305194485542
"2561",3.91613817900919
"2566",3.40973969850361
"2572",2.74142511726066
"2577",3.34760114511192
"2578",0
"2580",2.99380828221405
"2581",4.29693505945384
"2582",4.10020197212199
"2584",2.91850374151097
"2590",4.4311095886909
"2598",3.02443338106536
"2602",0
"2605",5.2832946801102
"2616",3.56719521703142
"2618",3.14200148797065
"2619",1.05869090203512
"2624",4.52608288150726
"2632",0
"2640",3.76206322167037
"2646",4.44181537074381
"2651",0
"2660",0
"2661",3.89836393083372
"2668",0.852073447314816
"2670",0
"2680",3.20268482839363
"2681",3.25216118762549
"2689",0
"2694",4.84122133173847
"2695",0
"2696",2.88400552240461
"2702",2.8019604631856
"2704",3.3950200275334
"2708",5.73419889529499
"2709",3.26137774304572
"2714",4.19204055384186
"2716",3.8412375612504
"2723",0
"2725",3.00657071941993
"2738",0
"2750",3.4621458120766
"2756",0
"2758",4.30005499752275
"2766",3.01545722350553
"2767",0
"2771",2.44190795349039
"2775",3.37308241715822
"2776",3.0349901934751
"2779",0
"2780",2.8060817543747
"2781",0
"2782",4.34118432636662
"2783",3.33406437868377
"2796",3.61926595138637
"2798",4.3700132914227
"2800",3.45584536810437
"2803",7.0470162674328
"2806",5.02890146337512
"2813",3.25534457467991
"2818",0
"2821",5.18179493947253
"2825",4.34689151988342
"2829",2.44086288978508
"2830",2.90091041368484
"2833",4.23023938970633
"2839",0
"2843",4.98558733868644
"2846",4.19960246652608
"2847",3.4512836785365
"2848",6.45905148453093
"2856",3.44365917964532
"2863",0
"2867",4.9575339340561
"2869",3.57678727989043
"2873",4.30947354806943
"2874",3.46562258781807
"2875",3.19263991498131
"2880",0
"2886",3.62255049062116
"2887",3.24080656165364
"2888",3.74648494418829
"2889",2.37160001676563
"2890",0
"2892",1.11564932783776
"2901",3.41601939983954
"2902",2.66715295755254
"2905",2.47441115308392
"2917",2.89481631633504
"2922",2.82650790651881
"2924",3.94009538793264
"2930",0
"2931",4.88400533356679
"2946",0
"2955",3.71824531154642
"2962",2.89551742124191
"2964",0
"2965",0
"2967",4.5803272324577
"2970",6.04002859616468
"2973",6.06743478890158
"2974",1.06789058746427
"2976",0
"2977",0
"2978",0
"2986",4.6574321967237
"2988",4.84202720658844
"2989",0
"2995",3.79850695316577
"3005",4.77539649419255
"3011",5.18315732726587
"3013",3.06112909096147
"3019",3.48469638885984
"3021",2.29961127099409
"3022",5.03291187296606
"3029",1.00410810634883
"3037",3.43466138130112
"3042",2.46462223133059
"3043",3.63899659960409
"3049",3.82501245030211
"3050",5.85862577117202
"3053",0
"3058",0
"3062",0
"3063",4.50585246730926
"3065",0
"3080",2.71376379455763
"3088",0
"3093",0
"3096",5.66953172013932
"3101",6.23315706774657
"3103",0.907074316019146
"3107",5.98008897976916
"3109",4.20948835359484
"3111",6.79921453515577
"3113",4.09754007562176
"3116",5.18303111195087
"3132",3.00690134039753
"3141",4.91419621649217
"3153",0
"3154",0
"3160",0
"3167",0
"3170",3.12586474197047
"3173",2.66300270886859
"3174",3.67653001192599
"3177",4.75380929113528
"3179",4.29781785771148
"3184",0
"3190",3.11993181095141
"3193",4.51475278055444
"3199",4.50226457168616
"3201",0
"3202",2.50894678066168
"3203",3.353067278909
"3206",3.09983392563698
"3209",2.86146595056437
"3210",2.61316520516113
"3217",4.42203562707605
"3220",3.8513123031142
"3228",2.52541174474232
"3232",2.73619778517208
"3239",0
"3243",3.48173674802555
"3245",3.1125950094203
"3246",3.92924303912847
"3251",5.28427792403835
"3253",4.77759662516069
"3257",4.3324367062422
"3260",0
"3261",3.67762576170934
"3263",4.95650344884371
"3278",3.55531991894233
"3281",3.17745455832276
"3283",4.73574085152042
"3290",2.54257832294939
"3297",3.20187181751327
"3304",4.15342767116681
"3305",2.95632120510993
"3307",4.49767859465328
"3308",3.14202217119412
"3313",3.23768813736217
"3314",2.93083293824062
"3317",0
"3348",0
"3350",2.581837727082
"3359",3.9194560991822
"3367",4.02424505020178
"3376",3.0115768877535
"3378",3.5270900954272
"3384",0
"3386",2.97236192712482
"3387",3.48413399978655
"3388",2.96472351988038
"3390",3.79441083708083
"3391",0
"3396",0
"3398",3.47308348157846
"3404",5.84443905518713
"3406",0
"3407",3.30868042128383
"3414",5.0871843172674
"3419",3.03761672652417
"3423",2.36787868445016
"3427",2.80835048913557
"3432",0
"3434",2.8043735724417
"3438",0
"3442",0
"3443",0
"3448",0
"3456",2.79701507430802
"3464",5.95931896864519
"3470",0
"3475",3.5891539730486
"3477",4.19862487199104
"3490",2.83529080182174
"3493",3.73931607337926
"3502",3.01738199463427
"3508",4.20954906648949
"3516",0
"3517",4.95458711274468
"3525",3.21295301168356
"3532",3.30904712621908
"3535",3.49976340130528
"3536",4.30041161542888
"3540",2.99486053886443
"3547",2.90403644433481
"3550",3.69032015331518
"3557",2.42165935821988
"3562",0
"3563",3.13897690436154
"3564",1.0600776007822
"3570",3.37387776015671
"3573",3.3369709587116
"3577",3.45467928726553
"3579",3.6067884024046
"3581",0.964987803519922
"3587",3.24370315558641
"3602",3.71431865293035
"3609",3.47088841883219
"3612",4.5979635608824
"3621",3.38351742878947
"3642",0
"3647",0
"3649",2.8009054208707
"3654",2.8281950937656
"3660",4.21864536242026
"3665",3.99739674202988
"3669",3.25054445344273
"3673",3.59829910565172
"3675",0
"3678",3.81178950799249
"3680",3.43553068025339
"3686",5.71517362527497
"3693",4.11144295909399
"3710",2.80000826865952
"3713",4.35149098602542
"3718",5.28668282529041
"3725",3.05480611358942
"3726",3.42175883034089
"3747",2.88476854571722
"3753",0
"3754",5.13266992022918
"3760",5.90504074282593
"3763",2.44913083093034
"3765",4.16204915003721
"3769",5.18917810731493
"3771",3.36657926278854
"3784",0
"3787",4.0425672198148
"3794",0
"3796",3.3290207490522
"3798",3.93528623043085
"3809",3.5746550492492
"3812",4.91245691118407
"3819",0.896829718022002
"3828",4.01428532873595
"3831",5.14652560334496
"3833",3.51923646027845
"3837",4.82376905206379
"3839",1.07116641485696
"3843",0
"3846",3.21161033709481
"3854",5.02344397451692
"3861",0
"3864",3.4549208382456
"3868",2.62938578728521
"3869",5.04382743582117
"3870",2.99676188907826
"3883",2.59469769642658
"3886",2.96284005430454
"3889",3.42096607721666
"3894",1.0379591467671
"3907",2.80450839711186
"3910",3.79421240232652
"3913",0
"3914",3.02500983248859
"3921",4.88012992268387
"3923",0
"3929",2.65587879750885
"3931",0.937761654819913
"3932",4.76111595870278
"3937",0
"3943",3.21945105539314
"3956",4.23200830172278
"3957",2.67300260151321
"3961",6.31936681122587
"3971",3.12752562661339
"4004",0.964772901579033
"4005",3.22099869626331
"4006",4.19766541683779
"4011",2.54157797040571
"4013",4.5520048218614
"4014",6.05141484628844
"4016",0
"4017",5.14101882718046
"4020",2.96945095840721
"4022",3.58502739274868
"4026",0
"4032",1.04184210270629
"4043",2.30699344601092
"4045",3.15635912327293
"4048",5.32348308054436
"4051",4.9441270356938
"4052",3.71815925022273
"4056",2.6815562041178
"4059",2.58537442393896
"4069",4.82013002261056
"4074",3.5673867744114
"4076",2.68869239310421
"4077",1.02672777674885
"4079",2.83341555109713
"4081",3.55593781699528
"4088",0
"4105",3.4475653480105
"4125",3.48662487862981
"4134",2.80928850923052
"4139",2.68626278475798
"4146",2.36027249252002
"4149",4.24845521560927
"4151",0
"4155",2.83573221197811
"4157",3.400410105853
"4168",5.06051059521084
"4170",2.45553102510084
"4174",2.33891343685001
"4179",4.99792083547715
"4185",4.09370239882142
"4199",1.126650040228
"4205",0
"4208",3.49677510994468
"4211",2.4111930495822
"4212",0
"4215",2.9106034171034
"4217",3.16743238012291
"4219",0
"4226",3.96713496692311
"4227",3.14564116893968
"4229",1.09225268034805
"4231",2.85137206487107
"4233",1.03991612793775
"4237",2.6184113317145
"4243",4.05295048431056
"4248",4.45114030443713
"4255",5.26452575749967
"4262",2.5952217540876
"4266",1.04515231184124
"4268",0
"4270",2.73446374891623
"4273",0
"4276",4.17128440092998
"4277",3.31514163966951
"4279",2.3663584728357
"4299",3.26335837547033
"4313",0
"4322",3.96633936759251
"4324",0
"4328",2.98323265136747
"4331",2.78025072555681
"4335",2.44383142111438
"4337",3.72385737178438
"4338",0
"4343",2.44398123192538
"4347",2.01146535387449
"4355",3.45651013588641
"4357",2.84060210588057
"4359",6.19962909634006
"4362",2.15255307168149
"4368",2.64289897724065
"4374",4.9686312630463
"4375",5.45904088168689
"4378",3.28773351901235
"4381",0
"4387",4.02409931652981
"4400",2.54280956826898
"4423",3.96508404039191
"4424",3.0063377988353
"4428",4.44372033369192
"4433",6.45603655537855
"4436",0
"4437",0
"4439",6.35245941480447
"4449",3.72761237874197
"4456",3.26771391262095
"4463",6.09911859938605
"4467",2.43704368232837
"4468",0
"4469",2.83860065680035
"4472",3.7383514412734
"4473",3.94068252585701
"4476",2.71259724634923
"4500",2.75052607410664
"4509",3.94859213631103
"4513",2.58785946496173
"4521",0
"4527",2.71733152407683
"4530",2.12002101034333
"4532",3.27447114551968
"4533",2.87012065394178
"4535",2.5552727036403
"4536",4.71987502258664
"4542",3.64747740601115
"4551",2.73781520136056
"4554",3.47400808853111
"4555",2.26377929814242
"4564",0
"4572",2.36390758207271
"4573",6.66516492772048
"4577",0
"4579",4.78181608311322
"4583",3.32933854731692
"4584",5.86462696572209
"4596",3.12495780421737
"4599",3.59310684195343
"4607",3.52499020906283
"4609",0
"4610",0
"4616",2.18922357790593
"4617",2.68411549300032
"4633",4.47274108837448
"4638",3.48396044753844
"4641",3.10047937953922
"4653",7.22837909420176
"4655",4.1443169407858
"4659",0
"4669",1.00654054231185
"4678",0
"4685",3.98055322015139
"4686",3.48762533890046
"4691",0
"4695",4.25907198740684
"4698",3.8111212719518
"4700",4.86474270063641
"4711",3.02308503669699
"4722",4.34949317869961
"4727",3.6509728488356
"4756",6.15129654923318
"4762",0
"4763",2.65712726872098
"4766",4.96265269481595
"4770",0
"4784",3.76001547627843
"4791",3.36649699668657
"4795",4.84235071788894
"4799",1.11468310446583
"4802",4.37764476472208
"4805",3.55558441997769
"4814",4.14158995311934
"4816",0
"4817",3.60408535568339
"4822",2.77940676865237
"4827",2.44592464954264
"4833",4.85496981939519
"4836",0
"4842",2.8919459031852
"4844",2.87405705202688
"4845",2.54390999149821
"4849",4.35991496531163
"4850",0
"4860",4.40657989790497
"4863",2.84222429959006
"4871",3.61032727675753
"4878",3.35750120301113
"4881",2.65671480007908
"4888",3.83783319444203
"4900",6.72808226179611
"4906",3.51943876121334
"4909",0
"4916",4.01769497406771
"4918",5.60301699148044
"4926",2.92904055860107
"4928",2.11508127004164
"4941",2.77589721914568
"4946",4.56186624100938
"4949",0
"4956",2.88534892954404
"4966",4.28971961692004
"4969",2.95897721463589
"4973",3.66198022149383
"4978",5.04083594396751
"4982",3.7641290050735
"4985",4.01053704939712
"4991",3.2066059838526
"4998",3.28576485780124
"5000",2.54379648965074
"5004",3.50593901297514
"5005",2.37142436719991
"5011",4.12743801928082
"5016",0
"5018",3.47021533778385
"5034",3.74049460383649
"5038",0
"5042",5.40323766548197
"5046",2.85072048605788
"5051",0
"5054",0
"5057",4.24088794297773
"5062",3.41253045153798
"5063",3.91619480529188
"5065",2.84083744431293
"5066",1.02743953062799
"5076",2.62150372284797
"5089",3.03437738859994
"5092",2.51714224863454
"5093",4.31080864028044
"5094",4.30262936757816
"5098",3.20385874755374
"5102",3.19158477870476
"5112",4.67234322651075
"5117",3.0701646177586
"5127",3.22652545342247
"5130",2.61601244917318
"5131",2.41146911736265
"5132",3.40890268893985
"5135",0
"5136",2.94318651839547
"5147",4.12533986631808
"5157",3.56922613989637
"5160",2.38792647810459
"5165",0
"5166",0
"5172",2.44856341251527
"5173",2.39641334252263
"5179",0
"5184",4.95563819399405
"5187",2.31408652484476
"5191",3.18165416048565
"5193",0
"5194",0
"5199",2.57864517807086
"5212",0
"5213",2.87678623906647
"5224",3.43887581723571
"5226",3.71506509892861
"5239",5.0638519693414
"5252",4.61951070552757
"5264",0
"5266",2.09525249241273
"5271",4.94075686248888
"5273",3.69390964907362
"5276",2.59432014831535
"5278",4.35373959169881
"5281",2.36429459504144
"5283",4.03971914449883
"5291",0
"5294",5.82511764355265
"5296",3.74420789370616
"5297",0
"5313",3.43188329805813
"5314",2.99174091417796
"5321",2.92401660140998
"5325",3.2358341450119
"5326",0
"5328",3.85084885788374
"5334",2.9415548628479
"5338",4.24351019507412
"5344",1.9624720334543
"5348",0
"5352",0
"5353",3.45995213405137
"5354",0
"5361",0
"5364",3.27113950408032
"5365",3.59789917195317
"5367",0.876799306452424
"5379",4.81944340674259
"5382",2.8485176403691
"5386",4.87215249219805
"5395",3.74903168953562
"5410",3.92450446592021
"5411",3.37593905223829
"5416",4.696964785732
"5424",3.96213101442656
"5426",2.77636366123296
"5428",0
"5430",5.49178505493395
"5433",1.31140315942038
"5437",2.87208334458344
"5440",3.20219876467548
"5442",4.75773233705948
"5445",3.03267264745715
"5449",3.60641469540662
"5452",3.4529843709203
"5460",0
"5461",2.31164481032825
"5465",1.07324167663373
"5467",4.18416408848501
"5471",4.23146365765523
"5474",0
"5475",2.89898101756289
"5480",0
"5481",3.47163865927912
"5484",0
"5494",4.84462162810449
"5495",1.08168156675678
"5497",1.36048016916246
"5499",3.0832134458733
"5507",0
"5510",3.51313478121973
"5515",0
"5516",2.31571972570258
"5517",1.01161445982895
"5524",4.42517669844679
"5530",5.65489213899348
"5534",2.73668235947139
"5543",0
"5545",2.80708758853274
"5558",3.82792720804756
"5562",0
"5573",7.14152606188228
"5581",4.29041426262403
"5583",5.12895517506665
"5587",3.75827219775005
"5589",2.37868497770069
"5591",5.52634265749019
"5596",2.98641570622268
"5606",4.09133881707401
"5608",4.36691352737128
"5611",2.95464002166835
"5612",4.21804692508974
"5614",4.28472394417119
"5620",3.41118122699434
"5623",4.95731555070634
"5624",3.68875339335813
"5626",5.52727622136127
"5633",0.896977668459446
"5635",2.84722444738104
"5640",4.06034668245967
"5643",2.96353822063557
"5644",6.07497840150941
"5653",5.05668075016151
"5663",4.3043821257161
"5664",4.80538866710729
"5667",2.40311955954238
"5671",0
"5673",3.33659105067339
"5676",2.62216503144232
"5678",2.93300550339978
"5698",2.39777686522448
"5700",5.95707594876196
"5705",3.35853614708183
"5706",5.1511381115387
"5711",0
"5712",4.74746812038628
"5716",2.82300094234682
"5719",3.18315282501956
"5725",2.4210529827444
"5728",7.88709212486281
"5734",0
"5735",4.45596725747222
"5743",2.72061656809127
"5754",0
"5755",2.72740708612776
"5756",4.27065901481443
"5766",3.21985385026852
"5770",3.26245598372925
"5774",0
"5775",2.53690172484949
"5776",3.53121327810874
"5778",5.81718354734143
"5786",2.87835898107365
"5787",3.52499709501506
"5791",4.70885414910884
"5794",3.1415064441093
"5803",2.78896746536098
"5804",3.45801013790198
"5808",0
"5810",3.65755812291016
"5813",3.70221479541962
"5828",3.15343993569316
"5839",6.22581916021375
"5842",4.16560847777131
"5843",2.61368115142242
"5844",3.18711305077397
"5847",2.70019477629813
"5851",2.31862116008902
"5854",3.86108442382743
"5857",0
"5866",0.927770082014324
"5874",0
"5886",3.3911883935921
"5895",3.04970454701289
"5897",2.52115571104945
"5898",2.86693156726964
"5900",0
"5902",0
"5908",0
"5909",3.01244452785483
"5912",6.54226907621254
"5913",0
"5917",5.40001725942717
"5918",2.94593373493311
"5921",3.53012934284208
"5931",0.946951846811532
"5942",3.87051963887132
"5943",3.17761306554162
"5950",3.68771626648101
"5954",0
"5983",2.75803599063708
"5995",2.84783369928238
"6002",2.99694888064726
"6005",3.60167599979961
"6009",6.77452371681315
"6011",2.54543591640346
"6012",5.0507975718336
"6019",1.09611486393167
"6021",3.36435551456353
"6029",4.89288613501941
"6036",4.11817244045786
"6037",3.12196232559597
"6038",0
"6043",3.42118490033349
"6045",3.93689702198161
"6047",0
"6048",2.90192291328533
"6061",3.73081281065192
"6063",3.29965390161062
"6064",4.48681177484797
"6068",4.44227959222777
"6069",0
"6070",3.6693807948451
"6071",5.38186719526539
"6074",4.25071576382915
"6079",3.29771607576668
"6082",2.84795907996171
"6088",4.30665563404991
"6094",2.7168345335896
"6095",0
"6098",2.81073565738
"6102",3.46116987826834
"6105",0
"6113",5.70875379069099
"6116",2.9797044826776
"6120",0
"6121",2.39333439701847
"6126",2.55538917989968
"6144",3.8641029162676
"6145",3.90088514360291
"6153",2.30640588995962
"6156",3.61516326799828
"6159",4.27894703096703
"6162",0
"6184",2.72224868551073
"6188",2.88468940125699
"6189",2.88647636120785
"6191",2.41512380694778
"6211",0
"6216",3.49587061355438
"6218",1.18263900782064
"6222",0
"6235",3.00121376299031
"6245",0
"6248",3.32214718900326
"6253",3.37583789011691
"6256",0
"6257",3.96564945662146
"6259",0.842977097416911
"6266",4.06453951801004
"6268",3.47481831021951
"6275",0.896739254642747
"6280",3.02359474648804
"6283",2.44209584448981
"6288",5.14016043837935
"6289",2.47158825950026
"6301",4.50882311195426
"6308",3.63726941950826
"6314",3.49149081917796
"6315",1.04811664105936
"6316",3.46304145357916
"6317",2.8653358798968
"6318",3.11641874579828
"6323",3.64662424187425
"6329",3.87774778657104
"6336",1.01485940641005
"6341",4.2265039742872
"6348",3.41901417354211
"6349",3.90386869333846
"6365",0
"6372",3.46790260841785
"6376",2.74834430958211
"6378",0
"6379",3.97327650486787
"6382",0
"6383",3.12474569991445
"6389",4.77601227743685
"6390",2.04400434911755
"6392",4.91638913928724
"6394",0
"6402",0
"6404",4.14837761924071
"6405",2.54473258104439
"6406",0
"6409",5.33527590018953
"6410",4.64893544940922
"6411",3.61976655712336
"6421",5.20555022484567
"6428",6.74142376231652
"6429",2.5357365314116
"6432",4.05722520681376
"6436",0
"6437",3.62230506524118
"6438",0
"6445",2.74930885163009
"6447",4.19230456424936
"6450",3.65570133760775
"6462",4.07077587012594
"6467",3.43198799647814
"6478",3.40722526001229
"6484",4.12070690548824
"6492",4.08802392982984
"6497",6.29300215925665
"6504",2.73259429513507
"6505",0
"6513",3.1169662641091
"6525",5.3661399127256
"6526",4.1741053643515
"6528",2.65939757842022
"6540",0
"6542",0
"6544",4.88866008292704
"6548",3.505640676367
"6552",3.10637346346184
"6558",3.23673243254289
"6567",2.67725167531121
"6569",4.55947467892012
"6572",5.74432693846213
"6577",5.35531643246994
"6581",3.27884459004123
"6588",2.96473953091621
"6591",0
"6594",2.61055797698063
"6600",4.8332110206471
"6602",3.33392269914468
"6604",2.60672398970808
"6605",3.39848077604064
"6614",2.37991513360118
"6616",0.91478615129914
"6621",1.35760308552812
"6640",4.60463313602266
"6641",3.07568442014572
"6643",2.7213179687155
"6644",0
"6649",2.27907327594339
"6650",3.51587808324991
"6655",5.83060470295676
"6661",2.37892081878868
"6672",5.27380506928354
"6677",1.07173073864672
"6688",2.8594360603952
"6689",4.6684921667759
"6691",2.67840692191892
"6692",4.25647613116002
"6694",3.87812101236034
"6702",2.48245572919706
"6714",0
"6716",4.85346784503199
"6724",3.07011186118711
"6725",1.04982824218088
"6730",3.3392495744122
"6735",2.81579745401049
"6738",2.97129769911283
"6739",3.12375828447663
"6743",3.4187742177452
"6747",2.79772500170489
"6750",7.28761834580602
"6751",3.34703898091345
"6753",4.18252576254791
"6754",3.59059710653668
"6755",0.909418158847417
"6762",3.27706060368748
"6764",3.47182428412787
"6772",0
"6774",1.06530479933166
"6787",2.74178288749531
"6789",3.29210783489517
"6793",4.1871467966851
"6798",0
"6799",0
"6800",3.94213038781584
"6802",1.05920300610781
"6808",0
"6809",3.67932115273669
"6812",4.11288934804552
"6814",2.7170540670928
"6816",2.54272708964314
"6822",0
"6829",3.65419116662533
"6834",2.47770770457646
"6836",4.58553743514433
"6839",3.60693912581227
"6840",0
"6843",0
"6846",2.27923940581711
"6848",1.17470256795673
"6852",2.61153922183606
"6856",5.83797787165303
"6860",3.88437743157381
"6866",4.80699807135764
"6870",4.29110251755551
"6878",0
"6880",5.10282552631187
"6885",4.63850284586081
"6897",4.22709540074374
"6902",3.89743359512296
"6904",4.26388327661895
"6907",3.96389317277837
"6909",0
"6914",2.2879187288388
"6915",4.75485161066044
"6922",0
"6924",2.37406314916622
"6933",3.45075257623007
"6934",4.19734562010492
"6941",3.57387876389004
"6957",2.87308425808682
"6960",3.86443967696889
"6969",0
"6975",2.74634000667567
"6980",1.06189975640872
"6983",1.05745593071442
"6987",2.51027407275844
"6994",2.96001228422765
"6997",4.52157362081612
"7002",3.18227861657126
"7010",2.38385945095363
"7015",3.28583810347012
"7019",3.01770229628076
"7022",4.26450383042755
"7025",2.55591268459133
"7029",4.06230549796367
"7031",2.63339732996165
"7037",2.54998946960296
"7038",3.62494154578891
"7043",0.945765421565567
"7049",3.37897776383107
"7052",3.43606605428545
"7053",4.40292914121474
"7056",2.94664544111614
"7057",4.4504553991955
"7080",0
"7086",1.09422146742262
"7087",3.44257099217039
"7105",3.39826964489383
"7108",2.5646703351735
"7121",0.897052290279385
"7122",2.34704675145463
"7125",0
"7132",3.2467325801745
"7134",3.1477153740002
"7151",2.71725292463345
"7152",3.68825057124792
"7157",2.84508098065193
"7159",0
"7166",0
"7167",0
"7177",3.00424209484713
"7179",1.12382419966853
"7181",0
"7183",4.57420906007174
"7186",3.60752181203308
"7193",5.27484692903903
"7205",2.93494107730356
"7207",0
"7209",3.75835228914183
"7216",0
"7232",2.55022973171687
"7235",1.13051899377619
"7238",2.81947349488456
"7240",2.49871663592335
"7243",0
"7252",2.60343695388281
"7269",2.45425331603695
"7275",3.56882874962554
"7281",2.70981379741512
"7283",0.909037709313499
"7287",5.89611364533107
"7289",6.14201435937435
"7291",4.11606925198281
"7294",0
"7304",5.13150440335553
"7308",3.54761101780964
"7313",3.01981364000875
"7319",0
"7325",1.06034912083635
"7326",2.88487284331094
"7330",5.0577464003663
"7332",3.90341301411692
"7337",0
"7341",0
"7346",3.75643213742667
"7353",0.92664194711888
"7354",4.66175780989513
"7361",0
"7366",0
"7368",5.08446263743332
"7372",4.14057034134945
"7375",2.96867504965741
"7377",5.9014735844234
"7380",0
"7382",4.39379960586036
"7385",2.93374627649167
"7392",2.79199580049446
"7395",4.09583236499001
"7397",3.41142433567992
"7403",3.51532048648056
"7406",3.89012430631991
"7409",0
"7410",3.79568238637838
"7412",3.83770491141328
"7419",3.21617171955383
"7425",3.15402069419056
"7435",7.17407294848256
"7438",3.61327408078015
"7440",4.18299087184577
"7447",3.09702644565291
"7449",2.57420803527792
"7456",3.99261024545151
"7464",3.61940291739943
"7478",2.59394025705318
"7480",3.02008240918363
"7481",5.34236716173202
"7483",3.59716425319507
"7484",1.12995195650776
"7491",3.99087690566467
"7494",2.32180719764597
"7501",2.5525308210945
"7503",3.87302967530496
"7509",2.25834955226658
"7517",0
"7518",6.36114924354956
"7519",2.16717704320288
"7521",5.3458337133151
"7522",2.42867624692753
"7536",3.80417266482873
"7539",1.03925093647841
"7547",5.77778356731909
"7549",2.83250425584647
"7552",2.94574682284088
"7554",1.05419253008759
"7556",3.37174577333817
"7564",3.61500189350075
"7566",0
"7570",4.41189353511248
"7571",3.3048055584497
"7572",3.24680236290216
"7575",2.25459350183499
"7586",3.84669255267261
"7589",5.16886496236428
"7590",2.9437343981199
"7597",3.688628067765
"7602",3.95572104651921
"7604",4.45519930179554
"7605",2.87941551722787
"7612",2.78970463336656
"7615",3.81123435984472
"7617",3.20197574263147
"7624",3.43264061461178
"7632",4.29034338346607
"7639",4.0778207481364
"7642",3.4165307748962
"7643",3.53343769713499
"7649",3.32600473346589
"7650",0
"7653",3.62844109428118
"7654",3.47920718060924
"7657",5.11084982836716
"7662",1.10642390037487
"7669",3.38666557323721
"7671",3.03251170224635
"7675",0
"7678",4.3005709582368
"7682",4.70176506423867
"7688",0
"7689",1.1919660050159
"7690",4.7440565943032
"7692",2.79091231276327
"7699",0
"7705",2.91699772973835
"7712",3.51165572988363
"7726",4.42106218753143
"7728",1.82400463961552
"7735",3.75032297696215
"7737",2.46540048451794
"7739",3.11248662397163
"7743",0
"7744",4.4494967433351
"7746",2.54689293221506
"7749",0
"7750",4.51064677030556
"7752",3.66431751258962
"7755",4.97198386459124
"7756",3.51099513476989
"7762",4.49350556370089
"7764",0
"7769",2.48414803596005
"7770",2.49252991556266
"7776",4.88475331271746
"7778",5.19653388936864
"7784",2.53412245199341
"7786",2.97596435208887
"7789",3.093375582921
"7793",3.7757602481195
"7794",1.12890201194077
"7804",3.13416527368728
"7811",3.93875272940098
"7813",2.79520502320956
"7815",0
"7817",0
"7818",3.48588088311979
"7821",6.3362655352868
"7825",3.7903754232037
"7830",5.0696961250792
"7832",3.48945685732958
"7835",0
"7839",5.63651597247242
"7842",5.11187870725868
"7849",4.46961457517477
"7856",2.69716631318496
"7857",2.6302314979068
"7863",4.24184717345264
"7866",4.58918535912816
"7871",3.03100041762361
"7875",2.4975025697995
"7882",2.40126143814698
"7887",2.42350532327376
"7888",4.0776581822587
"7891",2.09821231183897
"7895",4.30880165708636
"7901",4.24607769170964
"7906",2.36430877305564
"7908",0
"7917",2.18984707459176
"7924",3.02954933530771
"7948",3.82984940997359
"7950",6.09152824467159
"7955",2.57640078702676
"7957",0
"7959",2.59919513767771
"7967",5.58530196689428
"7969",2.82941006475337
"7971",4.25264891276042
"7974",2.96844227262281
"7976",2.85778265474279
"7986",6.28779646261469
"7987",0
"7993",4.00919801378279
"7996",3.58492161305507
"7998",3.32433734191373
"8018",3.6212055999982
"8019",2.54839624966204
"8027",1.01384087248922
"8036",0
"8040",4.3434763734046
"8044",3.82198252343552
"8050",3.20514335421506
"8052",0
"8054",0
"8057",3.5071662644
"8058",4.64202028652572
"8059",2.8358915079593
"8066",3.1787741804772
"8070",6.39346628671484
"8072",5.61042467307394
"8078",2.56369011779122
"8079",3.12848260101489
"8080",4.14601949217145
"8081",4.40938321254947
"8088",0
"8091",2.67669942990651
"8094",2.61068831885973
"8095",2.6113512233962
"8099",4.45690055929606
"8101",5.31625035400579
"8102",5.37357918434866
"8116",4.77013401834845
"8125",4.41288960371585
"8134",0
"8139",0
"8141",3.97127446668501
"8147",2.92632051963208
"8158",5.99968858692742
"8160",2.61429355403373
"8165",3.0813859814434
"8187",2.33167042575009
"8205",0
"8209",2.98373820674253
"8211",3.51513674332588
"8232",3.47592967704124
"8236",4.25479945776854
"8237",5.19134704614564
"8238",6.58108538938085
"8245",4.23430773326722
"8256",2.87383582492853
"8268",3.43956889604749
"8269",2.61299261984247
"8270",4.03161850969359
"8286",2.55097569212613
"8289",3.49601608703412
"8301",3.702787823191
"8305",0
"8310",2.9890273170844
"8312",0.842999532517331
"8318",5.36898051077703
"8321",4.29183541738764
"8328",0
"8331",4.11962698530436
"8334",2.8616275124929
"8344",3.74038211817286
"8345",2.5390809385998
"8352",4.74407004441828
"8358",3.57011738464034
"8359",2.45768580283291
"8360",2.55657818248016
"8365",2.94871785312013
"8366",2.8157921131393
"8369",5.11338079115216
"8373",4.95497318736238
"8378",3.38771783346786
"8392",2.97975295224684
"8397",3.00740734115014
"8399",2.58331424265684
"8400",3.22771897586715
"8405",2.6943721084001
"8406",3.76458459815196
"8410",0
"8413",4.25135481657852
"8414",0
"8416",6.03753979123401
"8426",2.63174315118479
"8434",4.17726667875561
"8439",0
"8440",0.91009457688325
"8475",4.34150726764223
"8480",4.88715506064538
"8497",2.25283970951895
"8499",0
"8500",3.27089547189336
"8501",3.19975750081392
"8502",2.60761617602873
"8518",4.89464525271072
"8520",3.8330984271639
"8523",4.05786726500294
"8525",0
"8532",2.82967116492441
"8535",2.84272809728285
"8543",0
"8554",0
"8560",5.11170075755588
"8561",4.60290019710488
"8563",0
"8566",0
"8570",3.65653684633915
"8572",3.60140797411759
"8582",2.46696263478255
"8583",1.13926522803947
"8587",0
"8592",2.35731877354591
"8593",0
"8607",0
"8609",4.20687329704438
"8610",3.52772649341875
"8614",3.51458127412431
"8616",5.09897778105267
"8622",4.53025045852312
"8623",3.65342921780893
"8624",1.05700265314429
"8633",6.08214523994925
"8641",6.30160448927376
"8644",6.06257161253043
"8649",3.99154981983827
"8653",2.9348607590626
"8657",6.13325494341044
"8658",2.81760406363019
"8663",3.25570319750389
"8672",2.39665495459996
"8680",1.07378378541204
"8684",2.80220246947172
"8687",0
"8688",3.86049155286914
"8690",3.4553270622859
"8712",0
"8717",3.25614929435545
"8730",4.86137547907983
"8739",3.43769317313677
"8744",3.86758885584575
"8747",5.32511028849446
"8748",4.15159285201048
"8751",3.12560423430206
"8758",3.35144111218289
"8761",1.07785709446203
"8763",0
"8764",4.09804514655532
"8765",5.94279600671501
"8773",5.13015502791833
"8780",2.95799210858749
"8781",2.99005189489316
"8782",3.23689067265631
"8785",0
"8786",3.16533539859951
"8797",1.02909566765826
"8799",4.23126159025726
"8807",1.00755958814726
"8816",3.41929885548242
"8817",3.64314904628284
"8826",5.12605656252635
"8833",3.14157296899047
"8834",2.77212085243302
"8835",2.53789674368137
"8840",4.92808384789302
"8843",3.45815305222815
"8849",2.99903302275433
"8855",3.22163861972419
"8861",2.85074991925704
"8862",4.1851857165453
"8865",3.07283734494657
"8868",5.14050185207597
"8870",4.12278932189277
"8880",4.13938059436923
"8885",0
"8894",1.35901199903988
"8895",4.4744377672195
"8899",4.76560757169224
"8912",0
"8922",2.54440067321392
"8924",3.03323862132314
"8928",3.69797178828746
"8932",0
"8943",5.35406163866641
"8945",6.10839807524841
"8946",4.29950574936258
"8954",2.73909359048698
"8958",3.41597469706047
"8960",0
"8965",2.91454337251527
"8966",4.1465886353977
"8967",2.42064331089831
"8969",3.05188860982132
"8980",4.24815148905215
"8984",4.17046952397755
"8985",3.11835369144913
"8988",2.65229205387164
"8989",4.19162816953145
"8995",0
"9004",3.29222642621138
"9010",2.9019262936355
"9012",0
"9018",3.39860297384698
"9036",0.881756158618722
"9037",2.43829077020524
"9040",0
"9041",5.20884705722573
"9044",6.08775631067576
"9045",3.00728255193964
"9047",2.72066643899147
"9049",0
"9061",1.30863148065376
"9062",2.75751096405099
"9076",3.54669075203214
"9079",2.44572618020628
"9081",3.85317626268191
"9082",3.62364328569427
"9089",0
"9092",2.99251284198838
"9094",0
"9115",0
"9117",3.75173675132563
"9118",3.17367893260087
"9120",1.0754381017124
"9124",2.74958772285847
"9128",0.882489283933523
"9135",0
"9136",2.71775722400217
"9138",4.20806084646248
"9157",3.93172629733928
"9176",0
"9183",1.2026227344588
"9187",3.0423637051693
"9188",1.05526077172869
"9190",4.32133365267847
"9197",3.46745375256115
"9200",3.67810708545636
"9201",0
"9203",0
"9212",3.64169126038326
"9213",0
"9214",4.46477034257752
"9217",3.16319222036378
"9219",3.37426632055487
"9220",4.9507671607088
"9221",6.05606107771266
"9237",0
"9240",3.84644226714621
"9241",2.72738014733551
"9248",3.2795226770386
"9253",7.35103421349175
"9259",4.27105046567612
"9267",0
"9271",2.79076777684217
"9273",0
"9285",5.98668017992656
"9290",3.2865658809927
"9291",3.62169294042605
"9293",0
"9294",3.81141381348184
"9301",3.19874582558047
"9302",4.27558701325313
"9312",2.7410022882479
"9316",3.38319598579081
"9319",0
"9328",4.57012289777474
"9331",3.82379415666019
"9338",0
"9350",2.79954933227168
"9356",3.27173810778643
"9359",2.46804513273225
"9362",3.55560462997161
"9364",3.02695563147306
"9370",3.28199073722565
"9380",0
"9386",4.10055211924888
"9394",0
"9407",3.60008078404142
"9411",3.31722535044272
"9422",3.50405375789206
"9423",0
"9429",0
"9433",0
"9439",0
"9451",4.24332708459662
"9452",3.23927904524409
"9453",1.11729393168952
"9460",5.02492333060637
"9465",5.49082496824485
"9470",4.28971214863298
"9476",3.41245479847685
"9485",3.47820945641868
"9486",0
"9488",2.88898431628672
"9507",5.57149309962543
"9508",0
"9517",7.34491760980013
"9521",5.14800652814494
"9528",3.03901237784616
"9532",2.96272816351636
"9536",2.90792293578423
"9540",4.80445160563369
"9542",3.96268175470711
"9546",3.75879183040272
"9548",4.29390852047058
"9549",5.97903360637997
"9554",5.32858785207666
"9555",4.19098074341908
"9558",1.07064968567426
"9573",0
"9575",5.22779278917281
"9584",3.08438026841893
"9586",3.48596822565475
"9588",4.88621112692566
"9591",0
"9592",4.23786902098541
"9597",6.01566129867662
"9600",4.05161506427311
"9603",3.50528341729583
"9605",2.60726960628167
"9614",0
"9616",5.34336233493203
"9622",3.66175182793095
"9624",4.16090322291306
"9629",0
"9633",3.61787120961232
"9640",4.5384760300148
"9644",2.26793195541627
"9645",0
"9646",3.02550629921065
"9648",2.95076395942075
"9649",1.07915696163341
"9660",3.28433119882393
"9664",3.61287841151963
"9675",0
"9679",2.93445020214594
"9680",2.9850822404079
"9682",0
"9697",2.76440499082366
"9701",3.83569861467772
"9704",2.88630003243555
"9705",0
"9707",4.08792812064958
"9714",0
"9718",2.94333363809408
"9722",5.17645461335343
"9739",2.79775887818293
"9747",5.71649532716488
"9751",0
"9757",2.47437562637856
"9759",3.72788823135829
"9760",4.00145406558302
"9764",2.51216368065955
"9776",0
"9778",2.82217379616024
"9786",0
"9803",3.45282783611959
"9804",3.96279219905514
"9815",5.11287670353157
"9824",2.09879736667519
"9825",0
"9826",2.78865517375025
"9827",3.662493708554
"9833",3.24802715929931
"9835",0
"9860",3.49970664720535
"9865",3.34453122182456
"9871",3.92126935050731
"9874",0
"9880",3.11001579769823
"9882",1.06850498767166
"9885",2.84116805950303
"9888",3.78900824259449
"9892",2.04546489485131
"9893",4.78312955292736
"9896",0.997638959288958
"9902",3.29620319751229
"9906",3.7722575161007
"9910",5.10985018060529
"9914",0
"9918",0
"9920",0
"9926",4.78430466062406
"9931",5.54235054840526
"9935",3.50810261903241
"9945",4.17102718603989
"9953",0
"9957",3.15741419990287
"9963",3.99889863850428
"9972",4.11292232218266
"9976",4.29543097541639
"9979",2.8719213256014
"9980",0
"9982",0
"9991",3.84610066205065
"10000",4.70108619233678
"10003",3.6687600592713
"10005",2.43767828252036
"10014",3.50469206431828
"10032",3.3745808846796
"10034",2.79400535544637
"10041",2.44007756674074
"10042",3.68746718024411
"10044",5.06595571830515
"10045",0
"10054",3.38462408002232
"10061",6.08545960349093
"10062",0
"10073",3.31754678060603
"10081",0
"10084",0
"10086",0
"10093",1.09971996482174
"10101",5.11495878743855
"10105",4.22302773753353
"10110",3.35272122057071
"10113",2.99535825588105
"10115",2.96863270769403
"10119",3.31118451672467
"10121",3.65863382014437
"10124",0
"10126",5.77470112126192
"10127",3.26539435859623
"10145",3.05595887383573
"10147",0.943850257115164
"10148",2.47210632776811
"10162",2.29518579426838
"10163",2.77182821286049
"10166",2.12644762928536
"10172",3.31624371876017
"10173",2.68992497950429
"10175",2.47603476212279
"10180",3.04306219459064
"10186",0
"10192",3.87650769282109
"10199",2.6065329203617
"10209",0
"10210",7.25869956178704
"10214",3.57049633309466
"10215",0
"10216",0
"10232",3.42923376534689
"10239",4.60049553491719
"10249",4.27070790375799
"10253",4.89609880511819
"10255",0
"10262",2.94286760322799
"10264",2.28717710266286
"10266",0
"10268",0
"10271",3.09685904864808
"10272",5.24763114950524
"10276",0
"10277",2.76132109694362
"10279",3.08081366032086
"10281",2.36829030385108
"10285",2.44248134832621
"10294",0
"10300",3.02704097710458
"10304",2.81971303404038
"10307",3.24947152415512
"10309",4.57288215535004
"10310",0
"10312",0
"10321",3.13949796535443
"10332",0
"10336",3.4314126361315
"10368",2.77169870804302
"10369",4.97179074242954
"10375",0.886566786089098
"10376",0
"10379",3.55679428450809
"10380",2.76944003642398
"10383",2.40365684114897
"10385",5.00090936355727
"10387",3.32456457310605
"10397",2.95450642401319
"10412",3.34572761144748
"10413",0
"10418",2.55827143481274
"10420",3.31713168195349
"10426",3.72176120460788
"10427",2.80162535157121
"10428",3.00381441876238
"10430",0
"10435",0
"10436",0.897419632058557
"10446",6.58216298964007
"10448",3.73860481683031
"10449",3.97621854992753
"10463",2.47129893716843
"10469",2.34105225921027
"10470",4.1862419029279
"10471",3.44378115093229
"10473",4.85942276517854
"10476",2.86618680163188
"10482",3.04435213162016
"10500",3.06716132185505
"10511",4.84828073138495
"10512",4.02832118026992
"10514",3.29746866496244
"10515",4.43685163071519
"10526",0
"10546",0
"10549",3.45873762759297
"10553",1.09641424080226
"10558",2.42122747895107
"10575",0
"10581",2.98070196099399
"10583",3.76452716957341
"10584",1.03475725203839
"10585",0
"10610",0
"10611",1.06760617668883
"10616",4.01670983088335
"10618",3.02394576815481
"10628",0.988543432454488
"10632",1.06053249461761
"10642",3.52910954918397
"10648",3.41883457385242
"10649",3.17324457614407
"10650",3.07871562346789
"10654",2.20989084359683
"10656",5.27029170859209
"10661",4.83850995155378
"10663",0
"10672",3.10677648770161
"10678",5.10784720535446
"10685",4.29330806982025
"10690",4.60959142812127
"10702",3.55329504540827
"10706",3.35469937409693
"10708",2.36324405141098
"10716",3.29316224341693
"10717",5.41436951807727
"10720",4.84181259083578
"10729",0
"10730",5.17766891156754
"10745",0
"10753",2.47300731252052
"10754",2.28231659041925
"10762",2.40145545011353
"10766",1.07853573276606
"10776",0.850868289389571
"10783",2.95535249537928
"10789",2.90353684258649
"10790",5.02728684206497
"10797",0
"10807",2.97575500292179
"10810",0
"10817",3.15445892776208
"10820",2.50733986297986
"10822",3.81294330720613
"10828",4.13662525506671
"10829",2.4754865716143
"10830",2.70752687921293
"10831",6.41643317283707
"10841",5.86287670450533
"10847",2.85351263786845
"10856",0
"10860",0
"10861",5.73047609269974
"10863",2.84191228207024
"10875",2.57323435059955
"10884",3.98796535908064
"10895",1.08991389543558
"10897",2.90830755902963
"10898",2.75435246486782
"10903",0
"10908",0
"10924",2.59500078739318
"10926",2.32924094205445
"10927",2.82776376708793
"10928",2.88249622274675
"10933",0
"10939",5.98902792900288
"10942",3.8980160737494
"10945",3.06216354598267
"10949",3.65776209347237
"10950",2.93682136851187
"10958",5.66681203703738
"10963",3.58231042349139
"10967",3.20211473877481
"10971",0
"10972",0
"10974",3.53664834542427
"10976",5.08024600490523
"10980",2.73913538337659
"10991",1.38266819666497
"10995",4.45013030787968
"11014",4.8588416548128
"11017",4.01319571572295
"11019",4.03060777011239
"11022",0
"11030",4.29575109982439
"11031",3.00443918467359
"11041",0
"11042",3.64148167070251
"11044",4.07326194149959
"11047",4.15095786689139
"11048",2.91724956644938
"11049",2.94613014655627
"11052",3.04504176327143
"11058",0
"11069",3.29757587846818
"11070",3.06135037197139
"11073",4.90606871464107
"11074",0
"11078",0
"11079",0
"11085",0
"11088",3.72762948237261
"11106",0
"11110",5.89125375464279
"11114",3.96688731760133
"11118",2.44677136484489
"11129",4.34810226889732
"11130",3.31866997365642
"11131",3.47108071458605
"11133",2.51553319267661
"11138",4.11196639919899
"11143",3.86605277041735
"11146",5.304954795487
"11153",3.62605203874565
"11162",3.92407665654048
"11170",6.9330546972763
"11171",0
"11201",3.17619367178111
"11216",4.63386317605165
"11219",2.88730055562824
"11222",4.96612785764163
"11234",0
"11238",3.54266512106707
"11244",3.40054817953112
"11246",0.880497577507107
"11248",0
"11250",0
"11256",3.78476811709998
"11259",2.51673644453014
"11263",0
"11264",2.78789400318071
"11270",1.10180087969685
"11274",0
"11281",2.97285118995921
"11285",0
"11300",2.40348052868626
"11305",2.87691937251655
"11317",3.66146078297082
"11319",2.38250088076676
"11330",0
"11334",4.55966543381869
"11335",6.20678489375683
"11336",3.000774434762
"11356",4.12384336308925
"11358",3.34375484272029
"11360",0
"11364",0
"11373",5.89113749809459
"11379",3.7022553216883
"11382",3.93184321285107
"11383",0
"11385",4.58854648388894
"11387",3.01359255313357
"11391",2.95064794791171
"11397",2.40817911031725
"11404",2.15737804819844
"11405",0
"11409",3.92445751479648
"11419",3.13553250613559
"11430",4.21451790031519
"11434",5.75133356259057
"11436",2.44450842736577
"11440",3.38022700727037
"11443",2.65726447666073
"11449",2.70738518772551
"11452",4.07526198635804
"11453",1.02271296525546
"11456",4.83744711029941
"11457",0
"11459",3.89707991072752
"11471",0
"11476",2.89693671557439
"11479",0
"11481",3.3673705860257
"11485",3.50852975790619
"11486",2.72900236649039
"11487",2.8729600592411
"11488",2.44037355160121
"11498",0
"11506",2.71582309845927
"11511",4.9011574282321
"11515",0
"11518",0
"11521",2.55687701300779
"11523",2.87319046538679
"11524",0
"11525",3.26318490923623
"11528",1.10715124796853
"11530",2.56129983774763
"11531",2.84250264100773
"11533",2.86922977982636
"11535",3.35571271254772
"11537",3.65816978147616
"11538",2.69607524202627
"11541",0.892182817095334
"11548",4.05404431383686
"11552",2.56276964797966
"11558",0
"11560",0
"11566",0
"11572",0
"11573",4.36562334208397
"11582",4.04045341146995
"11586",2.69121582716825
"11590",3.89059059977228
"11591",2.46794431069222
"11601",3.73566174544491
"11611",3.44317774353013
"11617",0.963429682214206
"11619",4.22065644599906
"11624",3.42229387891605
"11626",6.21172337968933
"11644",2.76729003796716
"11652",0.891677277169902
"11656",0
"11658",3.23273282182801
"11659",4.77540327721424
"11663",2.99277897562799
"11665",3.4095202545038
"11683",4.33061529757561
"11685",1.05212945687288
"11691",2.79301597518825
"11694",3.40758718813849
"11698",0
"11700",3.50675827737855
"11703",2.59593183973895
"11705",2.4139951818661
"11710",3.40062096011805
"11711",2.76837613210302
"11714",0
"11731",4.18453460434887
"11732",0
"11742",2.88633560903866
"11744",3.40504147786411
"11745",2.8134806627606
"11749",0
"11756",3.29278313767842
"11761",1.05702393063807
"11762",4.20722795755796
"11766",4.4762155140947
"11767",7.20330133931441
"11769",2.67764941225571
"11770",3.60491406817129
"11771",3.82281071272105
"11777",3.38219696436331
"11778",5.08305755873582
"11779",0
"11788",1.39391190833765
"11790",4.05731422122529
"11794",3.60430715104837
"11801",3.57377662246069
"11807",0
"11812",3.8110054182463
"11817",0
"11818",2.69658219189492
"11825",0
"11828",4.17393799699864
"11833",4.33504349868296
"11837",4.93400080449306
"11838",0
"11842",0
"11853",4.34176969469494
"11857",4.29756613363344
"11858",2.74420613154279
"11860",4.71525080797551
"11867",3.46250395493782
"11868",5.63411375058147
"11871",4.29778675891185
"11875",4.00690614782007
"11881",6.13878328682298
"11890",0
"11892",4.16604517300456
"11894",2.84370786190369
"11896",4.03598248791034
"11903",3.97923983860225
"11905",3.81226578844023
"11907",2.91944172587757
"11909",6.65676512210078
"11911",2.98480597210943
"11915",0
"11918",3.39047782435058
"11920",5.20385283271882
"11923",4.10138192933627
"11924",3.0193070205335
"11926",2.16656825185304
"11931",3.26730057072304
"11933",4.39189493066563
"11940",4.20389155584273
"11951",3.33396886135547
"11953",2.66954405255827
"11973",0
"11984",1.11857725679766
"11985",1.10515979564131
"11991",2.70653046266569
"12002",2.79298016329543
"12006",3.0437552655597
"12008",4.45190915141326
"12013",1.08251331629498
"12015",4.13384004629294
"12016",4.43291105211855
"12023",0
"12029",0
"12036",0
"12038",3.45428682667033
"12041",0
"12049",4.02747779411072
"12050",0
"12054",3.37523174237346
"12060",2.85396803780015
"12062",5.32663741138453
"12065",2.54160253768976
"12079",0
"12083",6.64116695575313
"12090",4.4024537651044
"12091",4.09309037655737
"12094",4.12620539862559
"12099",3.72331492331107
"12101",3.18748496485555
"12110",2.9846379075079
"12116",5.46053830345975
"12122",3.65001585761321
"12127",7.96679893582198
"12133",3.60165640160029
"12142",0
"12147",4.17376668474877
"12156",2.52331539432976
"12157",4.92856403078621
"12158",5.80173415559115
"12161",4.13651471704004
"12163",4.15173490221667
"12166",2.77324143020328
"12170",0
"12174",5.33816155787401
"12183",0
"12188",1.35875009009813
"12189",4.47025542738829
"12192",3.57071213243155
"12201",3.13692719769125
"12204",0
"12207",0
"12208",2.51742920740539
"12209",3.11802939905093
"12210",7.16798091930583
"12217",3.06669508017012
"12227",0
"12231",3.75546737131971
"12232",3.7062242187824
"12239",5.05568017656526
"12240",2.48121594836813
"12251",2.89473221438896
"12256",4.08379954524543
"12261",0
"12263",2.61365884575695
"12266",1.04945245614375
"12267",2.93717879730626
"12268",3.58952020928515
"12279",4.81266117813848
"12280",3.87671190205207
"12283",2.95050900306765
"12284",0
"12285",6.19790154248799
"12286",4.91329901730836
"12292",4.32313341724181
"12295",0
"12301",3.4834916005643
"12314",2.50587165061612
"12315",0
"12318",0
"12332",5.47125146312718
"12334",0
"12337",3.419347986449
"12338",4.74254619114847
"12349",4.28549967755779
"12350",3.79325336501211
"12359",5.95111907173319
"12360",5.26322336287028
"12373",4.09259954644866
"12374",1.06815027579427
"12380",3.94854935760156
"12382",3.08466482390901
"12383",2.83975002804521
"12390",4.06210874859868
"12398",3.93888187450001
"12405",3.64995826744474
"12407",2.85241371412401
"12410",5.94232506741368
"12418",5.45374065738051
"12421",4.77419361639555
"12422",3.37039592344314
"12439",0
"12444",3.69397210979899
"12463",5.43009679537153
"12465",1.04172012897223
"12470",4.16801304453487
"12471",3.48856109059798
"12480",4.2372308806807
"12482",4.05157035313356
"12484",2.94895061372507
"12487",4.11020067358481
"12491",3.26392894064867
"12503",4.95476881159402
"12507",0
"12526",2.41849849020987
"12533",2.99555668777899
"12540",0
"12543",2.28397000015171
"12552",0
"12555",5.7625432443676
"12556",3.99277940140072
"12570",4.17669295201846
"12579",3.36927837475968
"12588",2.46427266284328
"12600",0
"12615",5.27713989098218
"12624",3.57520195465379
"12629",1.14596394471062
"12634",2.91005121686265
"12638",0
"12646",3.25888368305863
"12650",0
"12665",2.70583809169476
"12674",3.01243840092146
"12676",0
"12678",2.81968770105173
"12685",3.10225171500871
"12690",3.32816860158606
"12698",4.16463184077089
"12702",3.78983310177029
"12704",2.93263580309146
"12705",2.74488618433266
"12710",3.80859574624247
"12715",4.9308264708173
"12720",3.50368409781713
"12734",2.4018017525122
"12744",3.50957041677667
"12747",0
"12757",5.03355311816216
"12758",2.09182611157359
"12766",1.07606142857881
"12782",3.12840276325568
"12787",0
"12799",2.48901455913254
"12804",4.12761673640794
"12809",2.69621313531809
"12813",3.01582224048841
"12816",3.34691806832709
"12821",3.57122594797234
"12826",2.4969269626908
"12831",3.61349595007775
"12832",3.62113943766832
"12833",2.99030051303042
"12835",3.41520754266446
"12842",1.11122569530711
"12844",3.40238724918585
"12847",0
"12852",2.90219808125428
"12856",3.59050499438212
"12857",2.99094361169823
"12858",6.14610228570687
"12861",2.87440252528231
"12869",3.61415358308989
"12876",3.94146016724346
"12877",0
"12879",3.54715216212265
"12882",3.86608561494168
"12883",4.74169908348686
"12887",2.62886716186751
"12889",3.44040030395901
"12891",5.08648543557594
"12894",3.58028329506207
"12895",0
"12899",1.64130324259896
"12905",6.86016302856745
"12913",0
"12916",0
"12917",2.88165785184789
"12925",3.33148808012442
"12934",5.34695418518883
"12939",4.66068655431781
"12943",0
"12950",4.97528356571412
"12961",0
"12963",2.79721239592977
"12973",0
"12979",3.16923309072174
"12980",0
"12981",0
"12982",3.08519922411552
"12992",3.37345247772106
"12994",0
"12999",2.96855988178643
"13002",3.5809070640858
"13004",0
"13010",3.30749126071471
"13013",3.41094929288403
"13015",3.99337402523798
"13019",4.71712665036224
"13030",1.95066007630081
"13031",4.96510225517318
"13036",3.33294354479036
"13037",4.57427119972472
"13042",0
"13054",2.64229611864289
"13060",0
"13072",3.23828021774568
"13073",2.87861362977532
"13079",5.21044528423883
"13081",1.14168655510877
"13086",2.75852389014183
"13087",3.6821598064274
"13090",0
"13098",2.8951545963815
"13100",2.91647535629097
"13105",0
"13106",2.96586228482712
"13107",3.34634168436134
"13113",6.88867232587054
"13115",4.56924506535558
"13117",0
"13118",3.07361572758073
"13121",1.12068109749601
"13137",2.15653238658104
"13146",0
"13150",4.74537331114128
"13151",4.00551522019259
"13152",3.2251533765317
"13156",3.5930267151992
"13165",5.4809775200198
"13169",4.02691375497093
"13178",3.53741567296034
"13180",3.4981785219955
"13183",3.98981612078563
"13184",0
"13188",3.42721934038268
"13191",3.58300665196041
"13196",0
"13203",3.46746518370842
"13206",2.448078261998
"13211",4.22201551143279
"13219",0
"13223",5.58345297590568
"13226",3.43948498246595
"13228",2.66467108170146
"13230",4.12762559549581
"13240",3.75894763229529
"13249",4.92812736385794
"13250",1.04389066322908
"13256",3.68945857034513
"13261",0
"13263",3.0955606595749
"13268",4.14217037584598
"13275",0
"13277",5.05030343444147
"13283",3.58360955460668
"13284",0
"13285",2.68970694607496
"13286",3.96072346280852
"13287",1.01372594196881
"13290",2.92742186161487
"13291",0
"13294",5.23358125867325
"13295",2.80015171931248
"13303",2.98511159748489
"13306",0.940249275707178
"13311",4.22684120416662
"13322",0
"13331",0
"13337",4.48991366142011
"13344",1.3119885621301
"13362",4.43706693025471
"13364",2.39273567860795
"13366",0
"13368",3.0281147798205
"13370",2.46883926835542
"13377",5.23098304194852
"13378",2.62631887966941
"13388",0
"13392",3.91730159406967
"13398",4.0636160980252
"13403",4.48607390310802
"13404",3.80696305115111
"13409",3.69841614483446
"13416",0
"13422",0
"13427",3.51557900905174
"13433",5.34492079998959
"13438",2.75375127849345
"13441",5.55603452782846
"13449",5.10206891572004
"13450",3.31366003220042
"13453",2.47890238977487
"13460",3.49530712329439
"13461",4.30745604934895
"13465",3.27112727972382
"13468",0
"13481",3.42204883611705
"13485",2.35010520261053
"13487",5.33423649743945
"13490",3.63141827251899
"13493",2.85831417030512
"13497",2.57326420631476
"13508",0
"13516",0
"13525",3.66502104891185
"13533",4.89922814336368
"13535",0
"13538",3.36854389624225
"13545",3.60801417887183
"13566",3.71020907822789
"13581",2.71248115679812
"13584",0
"13588",2.44948861778542
"13596",2.6331681597799
"13600",5.95615748710161
"13604",3.25341368713738
"13608",3.25977609844867
"13611",2.75121840097838
"13612",0
"13615",3.52617116868546
"13616",3.76799169697059
"13618",3.58805521580313
"13625",1.05499511403374
"13628",3.51869069395057
"13629",0
"13630",5.26796765834528
"13633",3.64294196208171
"13637",3.44833517050794
"13640",0
"13641",2.56030398100987
"13651",3.95168594254153
"13674",3.27353716216665
"13684",3.51395514901505
"13690",2.19300356648893
"13707",3.45883819390215
"13709",4.9659237268818
"13710",3.79181301474053
"13713",4.90588869701518
"13724",0
"13725",0
"13731",2.33976968121876
"13736",2.42612066750037
"13740",0
"13745",5.83317923416036
"13748",1.11373968240123
"13751",0
"13758",1.03038080811437
"13762",0
"13764",4.74320738084548
"13765",0
"13769",2.29675246745738
"13770",2.62656068593407
"13774",4.90753012057421
"13787",2.85391694112313
"13791",2.9460366088016
"13802",2.17937200042462
"13807",2.78564171482213
"13808",2.12053086390795
"13809",0
"13810",3.46532617436155
"13822",4.66731399178838
"13823",2.97310113904503
"13825",3.50955179993093
"13826",0
"13833",3.30653724298856
"13837",2.96614509325149
"13842",3.35352208533498
"13846",3.53311175937034
"13852",5.16608088744199
"13853",0.953279950405026
"13858",1.06825051044251
"13860",0
"13866",0
"13886",0
"13887",0
"13890",3.79681374095415
"13891",3.42121757204181
"13893",2.41983685013766
"13902",5.90403210924557
"13903",1.23227240613873
"13908",4.14393629001654
"13912",2.10266863203989
"13924",0
"13928",2.82425137031649
"13929",3.50580968923152
"13938",4.12897752413762
"13939",2.39201969987617
"13941",5.00633264765494
"13951",3.37414918697131
"13962",0.895311401336228
"13964",2.35022898644718
"13967",2.93251903712299
"13971",3.70427919989796
"13972",4.21123070523873
"13975",0
"13977",2.87600328110597
"13979",4.10381688891265
"13983",0
"13984",3.59823669097122
"13987",0
"13994",4.48324425564242
"13999",2.87819967828437
"14003",5.30000396535637
"14008",4.03428068757376
"14011",4.53342174329093
"14012",3.13037333451623
"14016",2.98767762518743
"14017",2.86984436020278
"14020",0
"14027",0
"14038",3.05426365818106
"14040",5.6058406855452
"14042",2.3963412686631
"14055",0
"14057",4.19702014381365
"14060",0
"14081",1.04937870001425
"14091",3.58054074723225
"14111",3.12509453061296
"14117",5.12215974736609
"14121",3.27571098891106
"14122",4.93515116946082
"14125",0
"14129",0
"14135",0
"14148",0
"14157",3.49625464688479
"14161",0
"14163",1.24113067693577
"14172",3.94729213053899
"14180",0
"14182",4.0255001940345
"14188",0
"14191",2.94282841920503
"14201",6.91507048949421
"14202",3.62621694487696
"14213",3.38269206642875
"14220",0
"14224",2.39678261012192
"14231",1.06828504767592
"14241",4.47706016143223
"14243",4.23683543184455
"14245",2.63129014077014
"14247",2.17974530053475
"14248",2.87339855616605
"14252",3.036519941524
"14254",4.19543028544951
"14260",3.68033273601114
"14269",4.01532622332424
"14272",0
"14274",3.2653731240582
"14279",3.43959794794168
"14280",4.95845274802987
"14290",3.26242846628181
"14298",7.20487542103852
"14308",4.58160913075684
"14313",4.00821568142801
"14316",3.57730899038255
"14319",5.806813974738
"14322",0
"14323",3.37593820881594
"14325",5.95246067474844
"14337",4.05569525356848
"14339",4.11934101772151
"14341",3.16575748173909
"14342",4.90047017678031
"14346",5.98217161890248
"14351",3.43125787768717
"14354",0
"14355",0
"14358",5.92764344470584
"14359",0
"14364",3.57258196924527
"14374",0.868687157253021
"14376",2.45266960586168
"14382",2.91398152513875
"14384",3.23383488696114
"14393",0
"14398",2.96606737834841
"14403",4.18594238297992
"14406",0
"14408",3.74837237244434
"14411",0
"14414",3.95193142490442
"14418",2.47836910507627
"14423",3.79314838344056
"14442",4.15405589299317
"14443",3.58500774907714
"14444",2.80112809382076
"14446",3.62369938767826
"14455",2.78713455649774
"14456",4.58469307542844
"14458",3.48393881470395
"14464",3.64109725605434
"14466",4.85027453595344
"14467",2.73345102519783
"14469",3.57651662282144
"14483",0
"14484",2.87542337386987
"14490",2.72316982196294
"14491",2.4809863312574
"14494",3.15259526757539
"14496",3.58960248314092
"14503",0
"14504",2.86893553997334
"14505",2.84926950385378
"14506",0
"14507",0
"14512",0
"14520",4.24390315952507
"14527",2.12231551166301
"14531",4.98570437839141
"14532",0
"14535",2.23908965203184
"14543",0
"14554",3.66112700655198
"14556",5.94801310983234
"14557",3.59148169698015
"14561",2.47619655198326
"14562",3.73988208414179
"14567",0.853567723090115
"14568",0.905813241647706
"14574",3.61318739188617
"14575",2.77680654787845
"14579",3.6573501830977
"14581",3.39762772968474
"14582",2.15599717410356
"14586",0
"14591",2.86229598035374
"14598",2.91873980400261
"14599",2.52728872406952
"14600",0
"14612",5.01853931725383
"14613",1.09584497537246
"14624",5.14938753609398
"14626",3.0217266871995
"14630",4.43373259342032
"14633",3.25580768290884
"14639",2.86867669901223
"14642",3.51639112192027
"14643",4.79019673758661
"14649",3.28105366083388
"14650",0
"14653",2.85738422688533
"14655",2.41759409987075
"14656",2.38206652861133
"14662",3.47580478794278
"14663",0
"14673",2.69867045063213
"14674",2.43912981034519
"14676",3.41541420817165
"14682",0
"14685",5.27369036485793
"14689",2.84388735248515
"14693",2.78685768390542
"14697",2.95959904255929
"14700",3.21704292038411
"14704",0
"14710",3.25026528706231
"14719",3.12171076609517
"14724",4.29243894171387
"14728",3.9590061724961
"14735",3.13451745475962
"14736",2.50947154820015
"14741",0
"14744",3.27046797167576
"14753",0
"14756",4.02905910945069
"14762",4.59373386721765
"14765",5.16157986177537
"14783",5.66523648867779
"14784",2.58392825569466
"14786",0
"14790",2.36964357751734
"14793",3.03186799543923
"14796",6.38063544200524
"14801",0
"14807",0
"14812",3.7328022355331
"14815",5.01162027170415
"14831",4.26946564732768
"14833",5.84846334693807
"14836",5.81512976414472
"14856",4.34918493447405
"14859",2.77244054648632
"14861",3.20440672890737
"14863",0
"14865",0
"14880",1.31184101214136
"14881",3.55001320977652
"14883",0
"14884",4.68864630415973
"14894",3.4552559324823
"14896",4.16381861801688
"14899",3.30320101340809
"14900",3.26121681252682
"14901",0
"14906",3.67611619738527
"14907",0
"14915",4.57661548559818
"14919",2.32755539710192
"14926",5.93652345861199
"14927",2.52035543662654
"14933",3.1148011786295
"14937",2.83102111444566
"14939",2.97304075940816
"14940",0
"14943",0
"14953",3.31509559835657
"14954",2.48042301460512
"14969",3.32444015389958
"14999",7.04812946797172
"15008",3.47913562798329
"15009",3.53416878459931
"15018",4.25327646935147
"15023",3.44350566996121
"15025",0
"15034",3.46777293072312
"15036",4.20974184260043
"15051",0
"15052",3.00955798326209
"15064",3.43702128878342
"15070",3.15958195151705
"15074",3.77703918668435
"15077",4.16566866282324
"15081",3.3585677570958
"15086",5.92517550936233
"15093",0
"15094",0
"15103",2.48414032943404
"15104",0.859115428874179
"15110",0
"15112",2.33907443925126
"15115",4.5145771062519
"15131",0
"15139",3.1395431640148
"15141",3.21515262317999
"15148",1.11618575239216
"15154",5.88463293605639
"15156",3.07603063297233
"15161",2.81192733116093
"15167",2.66647020475006
"15178",4.04118102021001
"15205",4.31659087271687
"15207",0
"15222",3.26655883837432
"15223",4.26966008742188
"15225",3.88798875419024
"15228",3.97977753373175
"15239",2.30419733271611
"15241",0
"15246",0
"15247",0
"15249",3.04995656542068
"15255",3.60944473390708
"15257",1.29318384559792
"15267",0
"15277",3.01667126830297
"15280",5.27480524002635
"15289",4.19507070847065
"15297",0
"15302",0
"15304",1.03291971520828
"15312",0
"15321",1.02508071548697
"15325",0
"15326",3.98645735663241
"15333",4.6029053682219
"15337",0
"15338",3.9884862375287
"15340",4.51737112731526
"15342",2.42311214000345
"15344",3.18885000991324
"15347",0
"15349",4.94042421548749
"15355",3.30841299651548
"15359",0
"15366",0
"15367",0
"15368",0
"15369",4.06321570397851
"15380",3.42252907319518
"15381",2.92400557030015
"15387",0
"15388",2.82571900623759
"15389",0
"15392",0
"15400",2.83470883290406
"15405",3.12524514385922
"15407",3.47714502460001
"15408",6.43514648364778
"15411",3.28432452155615
"15413",4.07526170637177
"15418",5.11714569909518
"15419",5.03590947329999
"15421",2.73810993178686
"15425",2.81210885466875
"15436",3.40789161532133
"15438",4.20495788196874
"15440",4.27971210910821
"15443",3.48062580882489
"15460",2.69831641480473
"15464",1.04879133350274
"15465",2.92668738165381
"15473",0
"15475",2.58374654332874
"15483",0
"15494",5.14309305707854
"15495",6.80004985635065
"15498",3.87234952188055
"15499",3.03998166940211
"15500",0
"15501",0
"15510",2.44573845406065
"15512",2.5477357319712
"15516",2.47448449331212
"15518",5.31507038233412
"15519",3.67612642886875
"15524",2.87638971609235
"15527",0
"15529",1.3869962420254
"15530",0
"15538",0
"15539",2.82867446264017
"15541",0
"15546",1.09961538103524
"15547",2.92538425238636
"15548",0
"15552",2.37768930534779
"15556",4.83994201832245
"15567",2.96359502911571
"15572",2.62828521268642
"15573",4.50473968325963
"15574",3.20480665156043
"15577",0
"15579",3.42354229033893
"15581",2.45237694072632
"15589",1.13728025415225
"15596",2.9136916395382
"15598",4.89523551858074
"15599",4.29475819170456
"15605",5.76960611037936
"15606",4.64097035337443
"15608",3.74822642825728
"15616",3.67650701712296
"15618",0
"15621",0
"15626",0
"15638",2.99847480760414
"15639",2.03672994550641
"15642",2.16885749803671
"15644",3.00256308108367
"15646",6.03087277756969
"15649",4.08771816896243
"15656",1.07978403603256
"15659",0
"15680",0
"15686",3.94769713226066
"15693",0
"15697",4.7123125147225
"15699",5.57551178065506
"15701",4.0903737762946
"15705",0
"15714",2.66535195903103
"15722",4.00691359987294
"15728",3.33810971661335
"15734",2.94189464342627
"15752",2.43817456707118
"15756",3.35003845640934
"15760",3.47203312024814
"15762",4.2422669790248
"15767",3.81914818375021
"15768",0
"15773",4.81147601761149
"15774",3.57394977819762
"15781",3.7182686705478
"15782",2.9751159069434
"15784",8.33670046553907
"15791",0
"15796",4.07272504457213
"15798",4.80709580440194
"15806",0
"15814",0
"15819",3.19768280485351
"15825",3.66905310851375
"15826",3.83203693471576
"15831",4.11964197085511
"15835",6.14281630415774
"15836",1.07014904298503
"15839",5.29056868561998
"15845",3.0750725007262
"15858",0
"15859",3.42603227360249
"15876",3.98665234067873
"15878",4.46241508100445
"15880",0
"15886",4.51001220497907
"15888",3.23460207160977
"15891",3.31408464928109
"15900",2.16659341479167
"15902",4.1742484384874
"15904",2.84868183472306
"15908",2.33536650375783
"15910",0
"15917",3.8622691306562
"15919",4.88889962890859
"15924",2.86529443494655
"15927",2.76912231373479
"15937",0
"15946",3.0782539454153
"15949",3.01896353243164
"15957",4.16562811917696
"15961",4.74739345491923
"15964",2.5499433045833
"15965",3.34835877281981
"15966",0
"15978",0
"15983",0
"15987",3.03295243531684
"15988",2.51593714488054
"15998",2.7055908999376
"16004",3.49110814250942
"16008",3.41131872409652
"16011",0
"16023",2.7922789529451
"16024",2.43254441505782
"16025",2.85154289079321
"16048",4.87047410719049
"16050",3.49983012679176
"16051",1.30205270045879
"16057",0
"16059",5.13546355798764
"16060",3.23603331217629
"16075",4.24169148880336
"16094",5.59012833752639
"16096",4.80661620588115
"16116",0
"16118",0
"16121",2.65438635629981
"16122",3.26137252403934
"16124",6.67655280411621
"16125",3.44209958732747
"16126",2.98548512672021
"16130",4.45852540712474
